Workbook

Sheet ۰۰_راهنما
A1: 🧠 برنامه جامع SEO دکتر مسقط — مرجع کلیدواژه‌ها
A3: 📊 | B3: این فایل شامل بیش از ۶۰۰ کلمه کلیدی دقیق برای SEO دکتر مسقط است.
B4: همه‌ٔ بازار سلامت عُمان را پوشش می‌دهد: درمانی، تخصصی، دارویی، آزمایشگاهی، تجهیزات، تندرستی و فرهنگی.
A6: 🗂️ | B6: ساختار فایل — ۱۸ شیت سازماندهی‌شده:
B7: ۰۰_راهنما — این شیت
B8: ۰۱_Master — همه ۶۰۰+ کلیدواژه در یک جدول
B9: ۰۲_Categories — فهرست همه ۹۰+ تخصص و دسته با ترجمه
B10: ۰۳_Locations — همه مناطق فعال در عُمان
B11: ۰۴_Tier1_Money — کلیدواژه‌های پولساز (Best Specialty Muscat)
B12: ۰۵_Tier2_Programmatic — ترکیب تخصص × منطقه (۲۴۰ کلمه)
B13: ۰۶_Tier3_Costs — کلیدواژه‌های هزینه و قیمت
B14: ۰۷_Tier4_Symptoms — علائم و درمان‌ها
B15: ۰۸_Tier5_Drugs — داروها، ویتامین‌ها، اسکین‌کر
B16: ۰۹_Tier6_LabImaging — آزمایش‌ها و تصویربرداری
B17: ۱۰_Tier7_Wellness — تندرستی، باشگاه، تغذیه، یوگا
B18: ۱۱_Tier8_Devices — تجهیزات و دستگاه‌های پزشکی
... B24: ۱۷_URL_Strategy — استراتژی ساختار URL
A26: 🎨 | B26: رنگ‌بندی Tier‌ها:
B27: 🟨 Tier 1 — طلایی: کلمات پولساز اصلی
B28: 🟦 Tier 2 — فیروزه‌ای: Programmatic (تخصص × منطقه)
B29: 🌸 Tier 3 — رز: هزینه و قیمت
B30: 💜 Tier 4 — بنفش: علائم و درمان
B31: 🔵 Tier 5 — آبی: داروها و ویتامین‌ها
B32: 🟢 Tier 6 — سبز: آزمایش و تصویربرداری
B33: 🟧 Tier 7 — نارنجی: تندرستی و تغذیه
B34: ⚪ Tier 8 — خاکستری: تجهیزات پزشکی
B35: 🟣 Tier 9 — فوشیا: بیمه
B36: 🟡 Tier 10 — کهربایی: فرهنگی و فصلی
A38: ⚡ | B38: ستون Priority Score چه می‌گوید؟
B39: فرمول: (Intent × log10(Volume)) / Competition
B40: هرچه عدد بالاتر = اولویت بالاتر (سبز پررنگ)
B41: Intent: Transactional=5، Commercial=4، Comparison=3، Informational=2
B42: Competition: High=5، Medium=3، Low=1
B43: اگر Actual Volume را پر کنید، فرمول از آن استفاده می‌کند.
A45: ✍️ | B45: ستون‌هایی که شما باید پر کنید:
B46: Actual Volume — حجم دقیق از Google Keyword Planner
B47: Actual Competition — رقابت دقیق از Ahrefs/Ubersuggest
B48: Current Rank — رتبه فعلی در گوگل (با VPN عُمان چک کنید)
B49: Status — وضعیت پیشرفت از منوی کشویی
B50: Notes — هر نکته‌ای که می‌خواهید برای این کلمه یادتان باشد
A52: 📅 | B52: برنامه پیشنهادی ۴ ماهه:
B53: ماه ۱ — Foundation:
B54: • همه Tier 1 (Money) را به‌عنوان Hub Pages بسازید
B55: • همه Tier 5 (Drugs) را به‌عنوان صفحات دارو شروع کنید
B56: • ۲۰ مقاله از Tier 4 (Symptoms) منتشر کنید
B58: ماه ۲ — Programmatic Scale:
B59: • Tier 2 را به‌صورت خودکار بسازید (۲۴۰ صفحه)
B60: • Tier 6 (Lab tests) را اضافه کنید
B61: • Tier 3 (Costs) را به‌صورت مقالات قوی منتشر کنید
B63: ماه ۳ — Wellness & Lifestyle:
B64: • Tier 7 (Wellness, Fitness, Nutrition) را پوشش بدهید
B65: • Tier 8 (Devices) را شروع کنید
B66: • Tier 9 (Insurance) را اضافه کنید
... B71: • Backlink campaign از همه partners راه‌اندازی کنید
A73: 🎯 | B73: اولویت‌بندی اجرایی:
B74: هفته اول هر ماه: Money + Programmatic (پایه ترافیک)
B75: هفته دوم: Symptoms + Costs (محتوای جذاب)
B76: هفته سوم: Drugs + Lab (E-commerce funnel)
B77: هفته چهارم: Wellness + Local (تنوع و authority)
A79: 🔬 | B79: چطور Volume واقعی را پیدا کنم؟
B80: روش رایگان ۱: ads.google.com → Tools → Keyword Planner
B81: → Discover new keywords → کلمه را paste کنید
B82: → Location: Oman | Language: عربی + انگلیسی
B84: روش رایگان ۲: trends.google.com → Oman → کلمه را سرچ کنید
B85: → روند ۵ ساله را ببینید (صعودی = فرصت)
B87: روش رایگان ۳: incognito + VPN عُمان → کلمه را در گوگل سرچ کنید
B88: → نوع نتایج، تعداد رقیب، و SERP features را بررسی کنید
A90: ⚠️ | B90: نکات حیاتی:
B91: • اعداد Est. Volume تخمین آگاهانه است، نه قطعی. حتماً با KP چک کنید.
B92: • Tier 2 (Programmatic) ظاهراً کم‌ارزش است اما در مجموع طلاست — ۲۴۰ صفحه = ترافیک عظیم
B93: • Tier 4 (Symptoms) intent بالاترین و بهترین conversion را دارد
B94: • Tier 5 (Drugs) برای e-commerce سلامت در آینده طلاست
B95: • Tier 10 (Local) مزیت غیرقابل کپی شماست — هیچ رقیب گلوبال این را ندارد
A97: 🏆 | B97: هدف ۱۲ ماهه:
B98: • ۳۰٪ از این کلمات در صفحه اول گوگل
B99: • ۵٪ در Top 3
B100: • ۵۰٬۰۰۰+ بازدید organic ماهانه
B101: • ۲٬۰۰۰+ تماس واتس‌اَپ از طریق سایت
A103: 📞 | B103: این فایل را با همکار/CTO/developer به اشتراک بگذارید.
B104: این مرجع ۶۰۰ ساعت کار به شما صرفه‌جویی می‌کند.

Sheet ۰۱_Master
A1: # | B1: Tier | C1: Lang | D1: Keyword | E1: Intent | F1: Est. Volume | G1: Est. Comp. | H1: Pattern | I1: Cluster | J1: Target URL | K1: Priority | L1: Actual Vol. | M1: Actual Diff. | N1: Current Rank | O1: Status | P1: Notes
A2: 1 | B2: 1 | C2: EN | D2: best Dentist Muscat | E2: Commercial | F2: 1000-2500 | G2: High | H2: Money-City | I2: Dental | J2: /en/dentist | K2: =ROUND((IF(E2="Transactional",5,IF(E2="Commercial",4,IF(E2="Comparison",3,IF(E2="Informational",2,3))))*LOG10(IF(ISNUMBER(L2),L2,IFERROR(VALUE(LEFT(F2,FIND("-",F2)-1)),100))+1))/IF(IF(ISBLANK(M2),G2,M2)="High",5,IF(IF(ISBLANK(M2),G2,M2)="Medium",3,1)),2) -> 2.4 | O2: Not Started | P2: بهترین Dentist در مسقط — کلمه پربازدید
A3: 2 | B3: 1 | C3: AR | D3: أفضل طبيب أسنان مسقط | E3: Commercial | F3: 800-2000 | G3: High | H3: Money-City | I3: Dental | J3: /ar/dentist | K3: =ROUND((IF(E3="Transactional",5,IF(E3="Commercial",4,IF(E3="Comparison",3,IF(E3="Informational",2,3))))*LOG10(IF(ISNUMBER(L3),L3,IFERROR(VALUE(LEFT(F3,FIND("-",F3)-1)),100))+1))/IF(IF(ISBLANK(M3),G3,M3)="High",5,IF(IF(ISBLANK(M3),G3,M3)="Medium",3,1)),2) -> 2.32 | O3: Not Started | P3: رقابت کم‌تر در عربی، اولویت بالاتر
A4: 3 | B4: 1 | C4: EN | D4: best Dental Clinic Muscat | E4: Commercial | F4: 1000-2500 | G4: High | H4: Money-City | I4: Dental | J4: /en/dental-clinic | K4: =ROUND((IF(E4="Transactional",5,IF(E4="Commercial",4,IF(E4="Comparison",3,IF(E4="Informational",2,3))))*LOG10(IF(ISNUMBER(L4),L4,IFERROR(VALUE(LEFT(F4,FIND("-",F4)-1)),100))+1))/IF(IF(ISBLANK(M4),G4,M4)="High",5,IF(IF(ISBLANK(M4),G4,M4)="Medium",3,1)),2) -> 2.4 | O4: Not Started | P4: بهترین Dental Clinic در مسقط — کلمه پربازدید
A5: 4 | B5: 1 | C5: AR | D5: أفضل عيادة أسنان مسقط | E5: Commercial | F5: 800-2000 | G5: High | H5: Money-City | I5: Dental | J5: /ar/dental-clinic | K5: =ROUND((IF(E5="Transactional",5,IF(E5="Commercial",4,IF(E5="Comparison",3,IF(E5="Informational",2,3))))*LOG10(IF(ISNUMBER(L5),L5,IFERROR(VALUE(LEFT(F5,FIND("-",F5)-1)),100))+1))/IF(IF(ISBLANK(M5),G5,M5)="High",5,IF(IF(ISBLANK(M5),G5,M5)="Medium",3,1)),2) -> 2.32 | O5: Not Started | P5: رقابت کم‌تر در عربی، اولویت بالاتر
A6: 5 | B6: 1 | C6: EN | D6: best Orthodontist Muscat | E6: Commercial | F6: 400-1000 | G6: Medium | H6: Money-City | I6: Dental | J6: /en/orthodontist | K6: =ROUND((IF(E6="Transactional",5,IF(E6="Commercial",4,IF(E6="Comparison",3,IF(E6="Informational",2,3))))*LOG10(IF(ISNUMBER(L6),L6,IFERROR(VALUE(LEFT(F6,FIND("-",F6)-1)),100))+1))/IF(IF(ISBLANK(M6),G6,M6)="High",5,IF(IF(ISBLANK(M6),G6,M6)="Medium",3,1)),2) -> 3.47 | O6: Not Started | P6: بهترین Orthodontist در مسقط — کلمه پربازدید
A7: 6 | B7: 1 | C7: AR | D7: أفضل تقويم الأسنان مسقط | E7: Commercial | F7: 350-800 | G7: Medium | H7: Money-City | I7: Dental | J7: /ar/orthodontist | K7: =ROUND((IF(E7="Transactional",5,IF(E7="Commercial",4,IF(E7="Comparison",3,IF(E7="Informational",2,3))))*LOG10(IF(ISNUMBER(L7),L7,IFERROR(VALUE(LEFT(F7,FIND("-",F7)-1)),100))+1))/IF(IF(ISBLANK(M7),G7,M7)="High",5,IF(IF(ISBLANK(M7),G7,M7)="Medium",3,1)),2) -> 3.39 | O7: Not Started | P7: رقابت کم‌تر در عربی، اولویت بالاتر
A8: 7 | B8: 1 | C8: EN | D8: best Cosmetic Dentist Muscat | E8: Commercial | F8: 400-1000 | G8: Medium | H8: Money-City | I8: Dental | J8: /en/cosmetic-dentist | K8: =ROUND((IF(E8="Transactional",5,IF(E8="Commercial",4,IF(E8="Comparison",3,IF(E8="Informational",2,3))))*LOG10(IF(ISNUMBER(L8),L8,IFERROR(VALUE(LEFT(F8,FIND("-",F8)-1)),100))+1))/IF(IF(ISBLANK(M8),G8,M8)="High",5,IF(IF(ISBLANK(M8),G8,M8)="Medium",3,1)),2) -> 3.47 | O8: Not Started | P8: بهترین Cosmetic Dentist در مسقط — کلمه پربازدید
A9: 8 | B9: 1 | C9: AR | D9: أفضل تجميل الأسنان مسقط | E9: Commercial | F9: 350-800 | G9: Medium | H9: Money-City | I9: Dental | J9: /ar/cosmetic-dentist | K9: =ROUND((IF(E9="Transactional",5,IF(E9="Commercial",4,IF(E9="Comparison",3,IF(E9="Informational",2,3))))*LOG10(IF(ISNUMBER(L9),L9,IFERROR(VALUE(LEFT(F9,FIND("-",F9)-1)),100))+1))/IF(IF(ISBLANK(M9),G9,M9)="High",5,IF(IF(ISBLANK(M9),G9,M9)="Medium",3,1)),2) -> 3.39 | O9: Not Started | P9: رقابت کم‌تر در عربی، اولویت بالاتر
A10: 9 | B10: 1 | C10: EN | D10: best Pediatric Dentist Muscat | E10: Commercial | F10: 400-1000 | G10: Medium | H10: Money-City | I10: Dental | J10: /en/pediatric-dentist | K10: =ROUND((IF(E10="Transactional",5,IF(E10="Commercial",4,IF(E10="Comparison",3,IF(E10="Informational",2,3))))*LOG10(IF(ISNUMBER(L10),L10,IFERROR(VALUE(LEFT(F10,FIND("-",F10)-1)),100))+1))/IF(IF(ISBLANK(M10),G10,M10)="High",5,IF(IF(ISBLANK(M10),G10,M10)="Medium",3,1)),2) -> 3.47 | O10: Not Started | P10: بهترین Pediatric Dentist در مسقط — کلمه پربازدید
A11: 10 | B11: 1 | C11: AR | D11: أفضل طبيب أسنان أطفال مسقط | E11: Commercial | F11: 350-800 | G11: Medium | H11: Money-City | I11: Dental | J11: /ar/pediatric-dentist | K11: =ROUND((IF(E11="Transactional",5,IF(E11="Commercial",4,IF(E11="Comparison",3,IF(E11="Informational",2,3))))*LOG10(IF(ISNUMBER(L11),L11,IFERROR(VALUE(LEFT(F11,FIND("-",F11)-1)),100))+1))/IF(IF(ISBLANK(M11),G11,M11)="High",5,IF(IF(ISBLANK(M11),G11,M11)="Medium",3,1)),2) -> 3.39 | O11: Not Started | P11: رقابت کم‌تر در عربی، اولویت بالاتر
A12: 11 | B12: 1 | C12: EN | D12: best Dental Implant Muscat | E12: Commercial | F12: 1000-2500 | G12: High | H12: Money-City | I12: Dental | J12: /en/dental-implant | K12: =ROUND((IF(E12="Transactional",5,IF(E12="Commercial",4,IF(E12="Comparison",3,IF(E12="Informational",2,3))))*LOG10(IF(ISNUMBER(L12),L12,IFERROR(VALUE(LEFT(F12,FIND("-",F12)-1)),100))+1))/IF(IF(ISBLANK(M12),G12,M12)="High",5,IF(IF(ISBLANK(M12),G12,M12)="Medium",3,1)),2) -> 2.4 | O12: Not Started | P12: بهترین Dental Implant در مسقط — کلمه پربازدید
A13: 12 | B13: 1 | C13: AR | D13: أفضل زرع الأسنان مسقط | E13: Commercial | F13: 800-2000 | G13: High | H13: Money-City | I13: Dental | J13: /ar/dental-implant | K13: =ROUND((IF(E13="Transactional",5,IF(E13="Commercial",4,IF(E13="Comparison",3,IF(E13="Informational",2,3))))*LOG10(IF(ISNUMBER(L13),L13,IFERROR(VALUE(LEFT(F13,FIND("-",F13)-1)),100))+1))/IF(IF(ISBLANK(M13),G13,M13)="High",5,IF(IF(ISBLANK(M13),G13,M13)="Medium",3,1)),2) -> 2.32 | O13: Not Started | P13: رقابت کم‌تر در عربی، اولویت بالاتر
... A142: 141 | B142: 2 | C142: EN | D142: Dentist Al Mouj | E142: Commercial | F142: 40-100 | G142: Low | H142: Loc+Cat | I142: Dental | J142: /en/dentist/al-mouj | K142: =ROUND((IF(E142="Transactional",5,IF(E142="Commercial",4,IF(E142="Comparison",3,IF(E142="Informational",2,3))))*LOG10(IF(ISNUMBER(L142),L142,IFERROR(VALUE(LEFT(F142,FIND("-",F142)-1)),100))+1))/IF(IF(ISBLANK(M142),G142,M142)="High",5,IF(IF(ISBLANK(M142),G142,M142)="Medium",3,1)),2) -> 6.45 | O142: Not Started | P142: long-tail با رقابت پایین
A143: 142 | B143: 2 | C143: AR | D143: طبيب أسنان الموج | E143: Commercial | F143: 40-100 | G143: Low | H143: Loc+Cat | I143: Dental | J143: /ar/dentist/al-mouj | K143: =ROUND((IF(E143="Transactional",5,IF(E143="Commercial",4,IF(E143="Comparison",3,IF(E143="Informational",2,3))))*LOG10(IF(ISNUMBER(L143),L143,IFERROR(VALUE(LEFT(F143,FIND("-",F143)-1)),100))+1))/IF(IF(ISBLANK(M143),G143,M143)="High",5,IF(IF(ISBLANK(M143),G143,M143)="Medium",3,1)),2) -> 6.45 | O143: Not Started
A144: 143 | B144: 2 | C144: EN | D144: Dentist Al Qurum | E144: Commercial | F144: 40-100 | G144: Low | H144: Loc+Cat | I144: Dental | J144: /en/dentist/al-qurum | K144: =ROUND((IF(E144="Transactional",5,IF(E144="Commercial",4,IF(E144="Comparison",3,IF(E144="Informational",2,3))))*LOG10(IF(ISNUMBER(L144),L144,IFERROR(VALUE(LEFT(F144,FIND("-",F144)-1)),100))+1))/IF(IF(ISBLANK(M144),G144,M144)="High",5,IF(IF(ISBLANK(M144),G144,M144)="Medium",3,1)),2) -> 6.45 | O144: Not Started | P144: long-tail با رقابت پایین
A145: 144 | B145: 2 | C145: AR | D145: طبيب أسنان القرم | E145: Commercial | F145: 40-100 | G145: Low | H145: Loc+Cat | I145: Dental | J145: /ar/dentist/al-qurum | K145: =ROUND((IF(E145="Transactional",5,IF(E145="Commercial",4,IF(E145="Comparison",3,IF(E145="Informational",2,3))))*LOG10(IF(ISNUMBER(L145),L145,IFERROR(VALUE(LEFT(F145,FIND("-",F145)-1)),100))+1))/IF(IF(ISBLANK(M145),G145,M145)="High",5,IF(IF(ISBLANK(M145),G145,M145)="Medium",3,1)),2) -> 6.45 | O145: Not Started
A146: 145 | B146: 2 | C146: EN | D146: Dentist Al Khuwair | E146: Commercial | F146: 40-100 | G146: Low | H146: Loc+Cat | I146: Dental | J146: /en/dentist/al-khuwair | K146: =ROUND((IF(E146="Transactional",5,IF(E146="Commercial",4,IF(E146="Comparison",3,IF(E146="Informational",2,3))))*LOG10(IF(ISNUMBER(L146),L146,IFERROR(VALUE(LEFT(F146,FIND("-",F146)-1)),100))+1))/IF(IF(ISBLANK(M146),G146,M146)="High",5,IF(IF(ISBLANK(M146),G146,M146)="Medium",3,1)),2) -> 6.45 | O146: Not Started | P146: long-tail با رقابت پایین
A147: 146 | B147: 2 | C147: AR | D147: طبيب أسنان الخوير | E147: Commercial | F147: 40-100 | G147: Low | H147: Loc+Cat | I147: Dental | J147: /ar/dentist/al-khuwair | K147: =ROUND((IF(E147="Transactional",5,IF(E147="Commercial",4,IF(E147="Comparison",3,IF(E147="Informational",2,3))))*LOG10(IF(ISNUMBER(L147),L147,IFERROR(VALUE(LEFT(F147,FIND("-",F147)-1)),100))+1))/IF(IF(ISBLANK(M147),G147,M147)="High",5,IF(IF(ISBLANK(M147),G147,M147)="Medium",3,1)),2) -> 6.45 | O147: Not Started
A148: 147 | B148: 2 | C148: EN | D148: Dentist Madinat Sultan Qaboos | E148: Commercial | F148: 40-100 | G148: Low | H148: Loc+Cat | I148: Dental | J148: /en/dentist/madinat-sultan-qaboos | K148: =ROUND((IF(E148="Transactional",5,IF(E148="Commercial",4,IF(E148="Comparison",3,IF(E148="Informational",2,3))))*LOG10(IF(ISNUMBER(L148),L148,IFERROR(VALUE(LEFT(F148,FIND("-",F148)-1)),100))+1))/IF(IF(ISBLANK(M148),G148,M148)="High",5,IF(IF(ISBLANK(M148),G148,M148)="Medium",3,1)),2) -> 6.45 | O148: Not Started | P148: long-tail با رقابت پایین
A149: 148 | B149: 2 | C149: AR | D149: طبيب أسنان مدينة السلطان قابوس | E149: Commercial | F149: 40-100 | G149: Low | H149: Loc+Cat | I149: Dental | J149: /ar/dentist/madinat-sultan-qaboos | K149: =ROUND((IF(E149="Transactional",5,IF(E149="Commercial",4,IF(E149="Comparison",3,IF(E149="Informational",2,3))))*LOG10(IF(ISNUMBER(L149),L149,IFERROR(VALUE(LEFT(F149,FIND("-",F149)-1)),100))+1))/IF(IF(ISBLANK(M149),G149,M149)="High",5,IF(IF(ISBLANK(M149),G149,M149)="Medium",3,1)),2) -> 6.45 | O149: Not Started
A150: 149 | B150: 2 | C150: EN | D150: Dentist Al Ghubra | E150: Commercial | F150: 40-100 | G150: Low | H150: Loc+Cat | I150: Dental | J150: /en/dentist/al-ghubra | K150: =ROUND((IF(E150="Transactional",5,IF(E150="Commercial",4,IF(E150="Comparison",3,IF(E150="Informational",2,3))))*LOG10(IF(ISNUMBER(L150),L150,IFERROR(VALUE(LEFT(F150,FIND("-",F150)-1)),100))+1))/IF(IF(ISBLANK(M150),G150,M150)="High",5,IF(IF(ISBLANK(M150),G150,M150)="Medium",3,1)),2) -> 6.45 | O150: Not Started | P150: long-tail با رقابت پایین
A151: 150 | B151: 2 | C151: AR | D151: طبيب أسنان الغبرة | E151: Commercial | F151: 40-100 | G151: Low | H151: Loc+Cat | I151: Dental | J151: /ar/dentist/al-ghubra | K151: =ROUND((IF(E151="Transactional",5,IF(E151="Commercial",4,IF(E151="Comparison",3,IF(E151="Informational",2,3))))*LOG10(IF(ISNUMBER(L151),L151,IFERROR(VALUE(LEFT(F151,FIND("-",F151)-1)),100))+1))/IF(IF(ISBLANK(M151),G151,M151)="High",5,IF(IF(ISBLANK(M151),G151,M151)="Medium",3,1)),2) -> 6.45 | O151: Not Started
A152: 151 | B152: 2 | C152: EN | D152: Dentist Ruwi | E152: Commercial | F152: 40-100 | G152: Low | H152: Loc+Cat | I152: Dental | J152: /en/dentist/ruwi | K152: =ROUND((IF(E152="Transactional",5,IF(E152="Commercial",4,IF(E152="Comparison",3,IF(E152="Informational",2,3))))*LOG10(IF(ISNUMBER(L152),L152,IFERROR(VALUE(LEFT(F152,FIND("-",F152)-1)),100))+1))/IF(IF(ISBLANK(M152),G152,M152)="High",5,IF(IF(ISBLANK(M152),G152,M152)="Medium",3,1)),2) -> 6.45 | O152: Not Started | P152: long-tail با رقابت پایین
A153: 152 | B153: 2 | C153: AR | D153: طبيب أسنان روي | E153: Commercial | F153: 40-100 | G153: Low | H153: Loc+Cat | I153: Dental | J153: /ar/dentist/ruwi | K153: =ROUND((IF(E153="Transactional",5,IF(E153="Commercial",4,IF(E153="Comparison",3,IF(E153="Informational",2,3))))*LOG10(IF(ISNUMBER(L153),L153,IFERROR(VALUE(LEFT(F153,FIND("-",F153)-1)),100))+1))/IF(IF(ISBLANK(M153),G153,M153)="High",5,IF(IF(ISBLANK(M153),G153,M153)="Medium",3,1)),2) -> 6.45 | O153: Not Started
A154: 153 | B154: 2 | C154: EN | D154: Dentist Bawshar | E154: Commercial | F154: 40-100 | G154: Low | H154: Loc+Cat | I154: Dental | J154: /en/dentist/bawshar | K154: =ROUND((IF(E154="Transactional",5,IF(E154="Commercial",4,IF(E154="Comparison",3,IF(E154="Informational",2,3))))*LOG10(IF(ISNUMBER(L154),L154,IFERROR(VALUE(LEFT(F154,FIND("-",F154)-1)),100))+1))/IF(IF(ISBLANK(M154),G154,M154)="High",5,IF(IF(ISBLANK(M154),G154,M154)="Medium",3,1)),2) -> 6.45 | O154: Not Started | P154: long-tail با رقابت پایین
A155: 154 | B155: 2 | C155: AR | D155: طبيب أسنان بوشر | E155: Commercial | F155: 40-100 | G155: Low | H155: Loc+Cat | I155: Dental | J155: /ar/dentist/bawshar | K155: =ROUND((IF(E155="Transactional",5,IF(E155="Commercial",4,IF(E155="Comparison",3,IF(E155="Informational",2,3))))*LOG10(IF(ISNUMBER(L155),L155,IFERROR(VALUE(LEFT(F155,FIND("-",F155)-1)),100))+1))/IF(IF(ISBLANK(M155),G155,M155)="High",5,IF(IF(ISBLANK(M155),G155,M155)="Medium",3,1)),2) -> 6.45 | O155: Not Started
A156: 155 | B156: 2 | C156: EN | D156: Dentist Al Khoud | E156: Commercial | F156: 40-100 | G156: Low | H156: Loc+Cat | I156: Dental | J156: /en/dentist/al-khoud | K156: =ROUND((IF(E156="Transactional",5,IF(E156="Commercial",4,IF(E156="Comparison",3,IF(E156="Informational",2,3))))*LOG10(IF(ISNUMBER(L156),L156,IFERROR(VALUE(LEFT(F156,FIND("-",F156)-1)),100))+1))/IF(IF(ISBLANK(M156),G156,M156)="High",5,IF(IF(ISBLANK(M156),G156,M156)="Medium",3,1)),2) -> 6.45 | O156: Not Started | P156: long-tail با رقابت پایین
A157: 156 | B157: 2 | C157: AR | D157: طبيب أسنان الخوض | E157: Commercial | F157: 40-100 | G157: Low | H157: Loc+Cat | I157: Dental | J157: /ar/dentist/al-khoud | K157: =ROUND((IF(E157="Transactional",5,IF(E157="Commercial",4,IF(E157="Comparison",3,IF(E157="Informational",2,3))))*LOG10(IF(ISNUMBER(L157),L157,IFERROR(VALUE(LEFT(F157,FIND("-",F157)-1)),100))+1))/IF(IF(ISBLANK(M157),G157,M157)="High",5,IF(IF(ISBLANK(M157),G157,M157)="Medium",3,1)),2) -> 6.45 | O157: Not Started
A158: 157 | B158: 2 | C158: EN | D158: Dental Clinic Al Mouj | E158: Commercial | F158: 40-100 | G158: Low | H158: Loc+Cat | I158: Dental | J158: /en/dental-clinic/al-mouj | K158: =ROUND((IF(E158="Transactional",5,IF(E158="Commercial",4,IF(E158="Comparison",3,IF(E158="Informational",2,3))))*LOG10(IF(ISNUMBER(L158),L158,IFERROR(VALUE(LEFT(F158,FIND("-",F158)-1)),100))+1))/IF(IF(ISBLANK(M158),G158,M158)="High",5,IF(IF(ISBLANK(M158),G158,M158)="Medium",3,1)),2) -> 6.45 | O158: Not Started | P158: long-tail با رقابت پایین
A159: 158 | B159: 2 | C159: AR | D159: عيادة أسنان الموج | E159: Commercial | F159: 40-100 | G159: Low | H159: Loc+Cat | I159: Dental | J159: /ar/dental-clinic/al-mouj | K159: =ROUND((IF(E159="Transactional",5,IF(E159="Commercial",4,IF(E159="Comparison",3,IF(E159="Informational",2,3))))*LOG10(IF(ISNUMBER(L159),L159,IFERROR(VALUE(LEFT(F159,FIND("-",F159)-1)),100))+1))/IF(IF(ISBLANK(M159),G159,M159)="High",5,IF(IF(ISBLANK(M159),G159,M159)="Medium",3,1)),2) -> 6.45 | O159: Not Started
A160: 159 | B160: 2 | C160: EN | D160: Dental Clinic Al Qurum | E160: Commercial | F160: 40-100 | G160: Low | H160: Loc+Cat | I160: Dental | J160: /en/dental-clinic/al-qurum | K160: =ROUND((IF(E160="Transactional",5,IF(E160="Commercial",4,IF(E160="Comparison",3,IF(E160="Informational",2,3))))*LOG10(IF(ISNUMBER(L160),L160,IFERROR(VALUE(LEFT(F160,FIND("-",F160)-1)),100))+1))/IF(IF(ISBLANK(M160),G160,M160)="High",5,IF(IF(ISBLANK(M160),G160,M160)="Medium",3,1)),2) -> 6.45 | O160: Not Started | P160: long-tail با رقابت پایین
A161: 160 | B161: 2 | C161: AR | D161: عيادة أسنان القرم | E161: Commercial | F161: 40-100 | G161: Low | H161: Loc+Cat | I161: Dental | J161: /ar/dental-clinic/al-qurum | K161: =ROUND((IF(E161="Transactional",5,IF(E161="Commercial",4,IF(E161="Comparison",3,IF(E161="Informational",2,3))))*LOG10(IF(ISNUMBER(L161),L161,IFERROR(VALUE(LEFT(F161,FIND("-",F161)-1)),100))+1))/IF(IF(ISBLANK(M161),G161,M161)="High",5,IF(IF(ISBLANK(M161),G161,M161)="Medium",3,1)),2) -> 6.45 | O161: Not Started
A162: 161 | B162: 2 | C162: EN | D162: Dental Clinic Al Khuwair | E162: Commercial | F162: 40-100 | G162: Low | H162: Loc+Cat | I162: Dental | J162: /en/dental-clinic/al-khuwair | K162: =ROUND((IF(E162="Transactional",5,IF(E162="Commercial",4,IF(E162="Comparison",3,IF(E162="Informational",2,3))))*LOG10(IF(ISNUMBER(L162),L162,IFERROR(VALUE(LEFT(F162,FIND("-",F162)-1)),100))+1))/IF(IF(ISBLANK(M162),G162,M162)="High",5,IF(IF(ISBLANK(M162),G162,M162)="Medium",3,1)),2) -> 6.45 | O162: Not Started | P162: long-tail با رقابت پایین
A163: 162 | B163: 2 | C163: AR | D163: عيادة أسنان الخوير | E163: Commercial | F163: 40-100 | G163: Low | H163: Loc+Cat | I163: Dental | J163: /ar/dental-clinic/al-khuwair | K163: =ROUND((IF(E163="Transactional",5,IF(E163="Commercial",4,IF(E163="Comparison",3,IF(E163="Informational",2,3))))*LOG10(IF(ISNUMBER(L163),L163,IFERROR(VALUE(LEFT(F163,FIND("-",F163)-1)),100))+1))/IF(IF(ISBLANK(M163),G163,M163)="High",5,IF(IF(ISBLANK(M163),G163,M163)="Medium",3,1)),2) -> 6.45 | O163: Not Started
A164: 163 | B164: 2 | C164: EN | D164: Dental Clinic Madinat Sultan Qaboos | E164: Commercial | F164: 40-100 | G164: Low | H164: Loc+Cat | I164: Dental | J164: /en/dental-clinic/madinat-sultan-qaboos | K164: =ROUND((IF(E164="Transactional",5,IF(E164="Commercial",4,IF(E164="Comparison",3,IF(E164="Informational",2,3))))*LOG10(IF(ISNUMBER(L164),L164,IFERROR(VALUE(LEFT(F164,FIND("-",F164)-1)),100))+1))/IF(IF(ISBLANK(M164),G164,M164)="High",5,IF(IF(ISBLANK(M164),G164,M164)="Medium",3,1)),2) -> 6.45 | O164: Not Started | P164: long-tail با رقابت پایین
A165: 164 | B165: 2 | C165: AR | D165: عيادة أسنان مدينة السلطان قابوس | E165: Commercial | F165: 40-100 | G165: Low | H165: Loc+Cat | I165: Dental | J165: /ar/dental-clinic/madinat-sultan-qaboos | K165: =ROUND((IF(E165="Transactional",5,IF(E165="Commercial",4,IF(E165="Comparison",3,IF(E165="Informational",2,3))))*LOG10(IF(ISNUMBER(L165),L165,IFERROR(VALUE(LEFT(F165,FIND("-",F165)-1)),100))+1))/IF(IF(ISBLANK(M165),G165,M165)="High",5,IF(IF(ISBLANK(M165),G165,M165)="Medium",3,1)),2) -> 6.45 | O165: Not Started
A166: 165 | B166: 2 | C166: EN | D166: Dental Clinic Al Ghubra | E166: Commercial | F166: 40-100 | G166: Low | H166: Loc+Cat | I166: Dental | J166: /en/dental-clinic/al-ghubra | K166: =ROUND((IF(E166="Transactional",5,IF(E166="Commercial",4,IF(E166="Comparison",3,IF(E166="Informational",2,3))))*LOG10(IF(ISNUMBER(L166),L166,IFERROR(VALUE(LEFT(F166,FIND("-",F166)-1)),100))+1))/IF(IF(ISBLANK(M166),G166,M166)="High",5,IF(IF(ISBLANK(M166),G166,M166)="Medium",3,1)),2) -> 6.45 | O166: Not Started | P166: long-tail با رقابت پایین
A167: 166 | B167: 2 | C167: AR | D167: عيادة أسنان الغبرة | E167: Commercial | F167: 40-100 | G167: Low | H167: Loc+Cat | I167: Dental | J167: /ar/dental-clinic/al-ghubra | K167: =ROUND((IF(E167="Transactional",5,IF(E167="Commercial",4,IF(E167="Comparison",3,IF(E167="Informational",2,3))))*LOG10(IF(ISNUMBER(L167),L167,IFERROR(VALUE(LEFT(F167,FIND("-",F167)-1)),100))+1))/IF(IF(ISBLANK(M167),G167,M167)="High",5,IF(IF(ISBLANK(M167),G167,M167)="Medium",3,1)),2) -> 6.45 | O167: Not Started
A168: 167 | B168: 2 | C168: EN | D168: Dental Clinic Ruwi | E168: Commercial | F168: 40-100 | G168: Low | H168: Loc+Cat | I168: Dental | J168: /en/dental-clinic/ruwi | K168: =ROUND((IF(E168="Transactional",5,IF(E168="Commercial",4,IF(E168="Comparison",3,IF(E168="Informational",2,3))))*LOG10(IF(ISNUMBER(L168),L168,IFERROR(VALUE(LEFT(F168,FIND("-",F168)-1)),100))+1))/IF(IF(ISBLANK(M168),G168,M168)="High",5,IF(IF(ISBLANK(M168),G168,M168)="Medium",3,1)),2) -> 6.45 | O168: Not Started | P168: long-tail با رقابت پایین
A169: 168 | B169: 2 | C169: AR | D169: عيادة أسنان روي | E169: Commercial | F169: 40-100 | G169: Low | H169: Loc+Cat | I169: Dental | J169: /ar/dental-clinic/ruwi | K169: =ROUND((IF(E169="Transactional",5,IF(E169="Commercial",4,IF(E169="Comparison",3,IF(E169="Informational",2,3))))*LOG10(IF(ISNUMBER(L169),L169,IFERROR(VALUE(LEFT(F169,FIND("-",F169)-1)),100))+1))/IF(IF(ISBLANK(M169),G169,M169)="High",5,IF(IF(ISBLANK(M169),G169,M169)="Medium",3,1)),2) -> 6.45 | O169: Not Started
A170: 169 | B170: 2 | C170: EN | D170: Dental Clinic Bawshar | E170: Commercial | F170: 40-100 | G170: Low | H170: Loc+Cat | I170: Dental | J170: /en/dental-clinic/bawshar | K170: =ROUND((IF(E170="Transactional",5,IF(E170="Commercial",4,IF(E170="Comparison",3,IF(E170="Informational",2,3))))*LOG10(IF(ISNUMBER(L170),L170,IFERROR(VALUE(LEFT(F170,FIND("-",F170)-1)),100))+1))/IF(IF(ISBLANK(M170),G170,M170)="High",5,IF(IF(ISBLANK(M170),G170,M170)="Medium",3,1)),2) -> 6.45 | O170: Not Started | P170: long-tail با رقابت پایین
A171: 170 | B171: 2 | C171: AR | D171: عيادة أسنان بوشر | E171: Commercial | F171: 40-100 | G171: Low | H171: Loc+Cat | I171: Dental | J171: /ar/dental-clinic/bawshar | K171: =ROUND((IF(E171="Transactional",5,IF(E171="Commercial",4,IF(E171="Comparison",3,IF(E171="Informational",2,3))))*LOG10(IF(ISNUMBER(L171),L171,IFERROR(VALUE(LEFT(F171,FIND("-",F171)-1)),100))+1))/IF(IF(ISBLANK(M171),G171,M171)="High",5,IF(IF(ISBLANK(M171),G171,M171)="Medium",3,1)),2) -> 6.45 | O171: Not Started
A172: 171 | B172: 2 | C172: EN | D172: Dental Clinic Al Khoud | E172: Commercial | F172: 40-100 | G172: Low | H172: Loc+Cat | I172: Dental | J172: /en/dental-clinic/al-khoud | K172: =ROUND((IF(E172="Transactional",5,IF(E172="Commercial",4,IF(E172="Comparison",3,IF(E172="Informational",2,3))))*LOG10(IF(ISNUMBER(L172),L172,IFERROR(VALUE(LEFT(F172,FIND("-",F172)-1)),100))+1))/IF(IF(ISBLANK(M172),G172,M172)="High",5,IF(IF(ISBLANK(M172),G172,M172)="Medium",3,1)),2) -> 6.45 | O172: Not Started | P172: long-tail با رقابت پایین
A173: 172 | B173: 2 | C173: AR | D173: عيادة أسنان الخوض | E173: Commercial | F173: 40-100 | G173: Low | H173: Loc+Cat | I173: Dental | J173: /ar/dental-clinic/al-khoud | K173: =ROUND((IF(E173="Transactional",5,IF(E173="Commercial",4,IF(E173="Comparison",3,IF(E173="Informational",2,3))))*LOG10(IF(ISNUMBER(L173),L173,IFERROR(VALUE(LEFT(F173,FIND("-",F173)-1)),100))+1))/IF(IF(ISBLANK(M173),G173,M173)="High",5,IF(IF(ISBLANK(M173),G173,M173)="Medium",3,1)),2) -> 6.45 | O173: Not Started
A174: 173 | B174: 2 | C174: EN | D174: Orthodontist Al Mouj | E174: Commercial | F174: 30-80 | G174: Low | H174: Loc+Cat | I174: Dental | J174: /en/orthodontist/al-mouj | K174: =ROUND((IF(E174="Transactional",5,IF(E174="Commercial",4,IF(E174="Comparison",3,IF(E174="Informational",2,3))))*LOG10(IF(ISNUMBER(L174),L174,IFERROR(VALUE(LEFT(F174,FIND("-",F174)-1)),100))+1))/IF(IF(ISBLANK(M174),G174,M174)="High",5,IF(IF(ISBLANK(M174),G174,M174)="Medium",3,1)),2) -> 5.97 | O174: Not Started | P174: long-tail با رقابت پایین
A175: 174 | B175: 2 | C175: AR | D175: تقويم الأسنان الموج | E175: Commercial | F175: 30-80 | G175: Low | H175: Loc+Cat | I175: Dental | J175: /ar/orthodontist/al-mouj | K175: =ROUND((IF(E175="Transactional",5,IF(E175="Commercial",4,IF(E175="Comparison",3,IF(E175="Informational",2,3))))*LOG10(IF(ISNUMBER(L175),L175,IFERROR(VALUE(LEFT(F175,FIND("-",F175)-1)),100))+1))/IF(IF(ISBLANK(M175),G175,M175)="High",5,IF(IF(ISBLANK(M175),G175,M175)="Medium",3,1)),2) -> 5.97 | O175: Not Started
A176: 175 | B176: 2 | C176: EN | D176: Orthodontist Al Qurum | E176: Commercial | F176: 30-80 | G176: Low | H176: Loc+Cat | I176: Dental | J176: /en/orthodontist/al-qurum | K176: =ROUND((IF(E176="Transactional",5,IF(E176="Commercial",4,IF(E176="Comparison",3,IF(E176="Informational",2,3))))*LOG10(IF(ISNUMBER(L176),L176,IFERROR(VALUE(LEFT(F176,FIND("-",F176)-1)),100))+1))/IF(IF(ISBLANK(M176),G176,M176)="High",5,IF(IF(ISBLANK(M176),G176,M176)="Medium",3,1)),2) -> 5.97 | O176: Not Started | P176: long-tail با رقابت پایین
A177: 176 | B177: 2 | C177: AR | D177: تقويم الأسنان القرم | E177: Commercial | F177: 30-80 | G177: Low | H177: Loc+Cat | I177: Dental | J177: /ar/orthodontist/al-qurum | K177: =ROUND((IF(E177="Transactional",5,IF(E177="Commercial",4,IF(E177="Comparison",3,IF(E177="Informational",2,3))))*LOG10(IF(ISNUMBER(L177),L177,IFERROR(VALUE(LEFT(F177,FIND("-",F177)-1)),100))+1))/IF(IF(ISBLANK(M177),G177,M177)="High",5,IF(IF(ISBLANK(M177),G177,M177)="Medium",3,1)),2) -> 5.97 | O177: Not Started
A178: 177 | B178: 2 | C178: EN | D178: Orthodontist Al Khuwair | E178: Commercial | F178: 30-80 | G178: Low | H178: Loc+Cat | I178: Dental | J178: /en/orthodontist/al-khuwair | K178: =ROUND((IF(E178="Transactional",5,IF(E178="Commercial",4,IF(E178="Comparison",3,IF(E178="Informational",2,3))))*LOG10(IF(ISNUMBER(L178),L178,IFERROR(VALUE(LEFT(F178,FIND("-",F178)-1)),100))+1))/IF(IF(ISBLANK(M178),G178,M178)="High",5,IF(IF(ISBLANK(M178),G178,M178)="Medium",3,1)),2) -> 5.97 | O178: Not Started | P178: long-tail با رقابت پایین
A179: 178 | B179: 2 | C179: AR | D179: تقويم الأسنان الخوير | E179: Commercial | F179: 30-80 | G179: Low | H179: Loc+Cat | I179: Dental | J179: /ar/orthodontist/al-khuwair | K179: =ROUND((IF(E179="Transactional",5,IF(E179="Commercial",4,IF(E179="Comparison",3,IF(E179="Informational",2,3))))*LOG10(IF(ISNUMBER(L179),L179,IFERROR(VALUE(LEFT(F179,FIND("-",F179)-1)),100))+1))/IF(IF(ISBLANK(M179),G179,M179)="High",5,IF(IF(ISBLANK(M179),G179,M179)="Medium",3,1)),2) -> 5.97 | O179: Not Started
A180: 179 | B180: 2 | C180: EN | D180: Orthodontist Madinat Sultan Qaboos | E180: Commercial | F180: 30-80 | G180: Low | H180: Loc+Cat | I180: Dental | J180: /en/orthodontist/madinat-sultan-qaboos | K180: =ROUND((IF(E180="Transactional",5,IF(E180="Commercial",4,IF(E180="Comparison",3,IF(E180="Informational",2,3))))*LOG10(IF(ISNUMBER(L180),L180,IFERROR(VALUE(LEFT(F180,FIND("-",F180)-1)),100))+1))/IF(IF(ISBLANK(M180),G180,M180)="High",5,IF(IF(ISBLANK(M180),G180,M180)="Medium",3,1)),2) -> 5.97 | O180: Not Started | P180: long-tail با رقابت پایین
A181: 180 | B181: 2 | C181: AR | D181: تقويم الأسنان مدينة السلطان قابوس | E181: Commercial | F181: 30-80 | G181: Low | H181: Loc+Cat | I181: Dental | J181: /ar/orthodontist/madinat-sultan-qaboos | K181: =ROUND((IF(E181="Transactional",5,IF(E181="Commercial",4,IF(E181="Comparison",3,IF(E181="Informational",2,3))))*LOG10(IF(ISNUMBER(L181),L181,IFERROR(VALUE(LEFT(F181,FIND("-",F181)-1)),100))+1))/IF(IF(ISBLANK(M181),G181,M181)="High",5,IF(IF(ISBLANK(M181),G181,M181)="Medium",3,1)),2) -> 5.97 | O181: Not Started
A182: 181 | B182: 2 | C182: EN | D182: Orthodontist Al Ghubra | E182: Commercial | F182: 30-80 | G182: Low | H182: Loc+Cat | I182: Dental | J182: /en/orthodontist/al-ghubra | K182: =ROUND((IF(E182="Transactional",5,IF(E182="Commercial",4,IF(E182="Comparison",3,IF(E182="Informational",2,3))))*LOG10(IF(ISNUMBER(L182),L182,IFERROR(VALUE(LEFT(F182,FIND("-",F182)-1)),100))+1))/IF(IF(ISBLANK(M182),G182,M182)="High",5,IF(IF(ISBLANK(M182),G182,M182)="Medium",3,1)),2) -> 5.97 | O182: Not Started | P182: long-tail با رقابت پایین
A183: 182 | B183: 2 | C183: AR | D183: تقويم الأسنان الغبرة | E183: Commercial | F183: 30-80 | G183: Low | H183: Loc+Cat | I183: Dental | J183: /ar/orthodontist/al-ghubra | K183: =ROUND((IF(E183="Transactional",5,IF(E183="Commercial",4,IF(E183="Comparison",3,IF(E183="Informational",2,3))))*LOG10(IF(ISNUMBER(L183),L183,IFERROR(VALUE(LEFT(F183,FIND("-",F183)-1)),100))+1))/IF(IF(ISBLANK(M183),G183,M183)="High",5,IF(IF(ISBLANK(M183),G183,M183)="Medium",3,1)),2) -> 5.97 | O183: Not Started
A184: 183 | B184: 2 | C184: EN | D184: Orthodontist Ruwi | E184: Commercial | F184: 30-80 | G184: Low | H184: Loc+Cat | I184: Dental | J184: /en/orthodontist/ruwi | K184: =ROUND((IF(E184="Transactional",5,IF(E184="Commercial",4,IF(E184="Comparison",3,IF(E184="Informational",2,3))))*LOG10(IF(ISNUMBER(L184),L184,IFERROR(VALUE(LEFT(F184,FIND("-",F184)-1)),100))+1))/IF(IF(ISBLANK(M184),G184,M184)="High",5,IF(IF(ISBLANK(M184),G184,M184)="Medium",3,1)),2) -> 5.97 | O184: Not Started | P184: long-tail با رقابت پایین
A185: 184 | B185: 2 | C185: AR | D185: تقويم الأسنان روي | E185: Commercial | F185: 30-80 | G185: Low | H185: Loc+Cat | I185: Dental | J185: /ar/orthodontist/ruwi | K185: =ROUND((IF(E185="Transactional",5,IF(E185="Commercial",4,IF(E185="Comparison",3,IF(E185="Informational",2,3))))*LOG10(IF(ISNUMBER(L185),L185,IFERROR(VALUE(LEFT(F185,FIND("-",F185)-1)),100))+1))/IF(IF(ISBLANK(M185),G185,M185)="High",5,IF(IF(ISBLANK(M185),G185,M185)="Medium",3,1)),2) -> 5.97 | O185: Not Started
A186: 185 | B186: 2 | C186: EN | D186: Orthodontist Bawshar | E186: Commercial | F186: 30-80 | G186: Low | H186: Loc+Cat | I186: Dental | J186: /en/orthodontist/bawshar | K186: =ROUND((IF(E186="Transactional",5,IF(E186="Commercial",4,IF(E186="Comparison",3,IF(E186="Informational",2,3))))*LOG10(IF(ISNUMBER(L186),L186,IFERROR(VALUE(LEFT(F186,FIND("-",F186)-1)),100))+1))/IF(IF(ISBLANK(M186),G186,M186)="High",5,IF(IF(ISBLANK(M186),G186,M186)="Medium",3,1)),2) -> 5.97 | O186: Not Started | P186: long-tail با رقابت پایین
A187: 186 | B187: 2 | C187: AR | D187: تقويم الأسنان بوشر | E187: Commercial | F187: 30-80 | G187: Low | H187: Loc+Cat | I187: Dental | J187: /ar/orthodontist/bawshar | K187: =ROUND((IF(E187="Transactional",5,IF(E187="Commercial",4,IF(E187="Comparison",3,IF(E187="Informational",2,3))))*LOG10(IF(ISNUMBER(L187),L187,IFERROR(VALUE(LEFT(F187,FIND("-",F187)-1)),100))+1))/IF(IF(ISBLANK(M187),G187,M187)="High",5,IF(IF(ISBLANK(M187),G187,M187)="Medium",3,1)),2) -> 5.97 | O187: Not Started
A188: 187 | B188: 2 | C188: EN | D188: Orthodontist Al Khoud | E188: Commercial | F188: 30-80 | G188: Low | H188: Loc+Cat | I188: Dental | J188: /en/orthodontist/al-khoud | K188: =ROUND((IF(E188="Transactional",5,IF(E188="Commercial",4,IF(E188="Comparison",3,IF(E188="Informational",2,3))))*LOG10(IF(ISNUMBER(L188),L188,IFERROR(VALUE(LEFT(F188,FIND("-",F188)-1)),100))+1))/IF(IF(ISBLANK(M188),G188,M188)="High",5,IF(IF(ISBLANK(M188),G188,M188)="Medium",3,1)),2) -> 5.97 | O188: Not Started | P188: long-tail با رقابت پایین
A189: 188 | B189: 2 | C189: AR | D189: تقويم الأسنان الخوض | E189: Commercial | F189: 30-80 | G189: Low | H189: Loc+Cat | I189: Dental | J189: /ar/orthodontist/al-khoud | K189: =ROUND((IF(E189="Transactional",5,IF(E189="Commercial",4,IF(E189="Comparison",3,IF(E189="Informational",2,3))))*LOG10(IF(ISNUMBER(L189),L189,IFERROR(VALUE(LEFT(F189,FIND("-",F189)-1)),100))+1))/IF(IF(ISBLANK(M189),G189,M189)="High",5,IF(IF(ISBLANK(M189),G189,M189)="Medium",3,1)),2) -> 5.97 | O189: Not Started
A190: 189 | B190: 2 | C190: EN | D190: Cosmetic Dentist Al Mouj | E190: Commercial | F190: 30-80 | G190: Low | H190: Loc+Cat | I190: Dental | J190: /en/cosmetic-dentist/al-mouj | K190: =ROUND((IF(E190="Transactional",5,IF(E190="Commercial",4,IF(E190="Comparison",3,IF(E190="Informational",2,3))))*LOG10(IF(ISNUMBER(L190),L190,IFERROR(VALUE(LEFT(F190,FIND("-",F190)-1)),100))+1))/IF(IF(ISBLANK(M190),G190,M190)="High",5,IF(IF(ISBLANK(M190),G190,M190)="Medium",3,1)),2) -> 5.97 | O190: Not Started | P190: long-tail با رقابت پایین
A191: 190 | B191: 2 | C191: AR | D191: تجميل الأسنان الموج | E191: Commercial | F191: 30-80 | G191: Low | H191: Loc+Cat | I191: Dental | J191: /ar/cosmetic-dentist/al-mouj | K191: =ROUND((IF(E191="Transactional",5,IF(E191="Commercial",4,IF(E191="Comparison",3,IF(E191="Informational",2,3))))*LOG10(IF(ISNUMBER(L191),L191,IFERROR(VALUE(LEFT(F191,FIND("-",F191)-1)),100))+1))/IF(IF(ISBLANK(M191),G191,M191)="High",5,IF(IF(ISBLANK(M191),G191,M191)="Medium",3,1)),2) -> 5.97 | O191: Not Started
A192: 191 | B192: 2 | C192: EN | D192: Cosmetic Dentist Al Qurum | E192: Commercial | F192: 30-80 | G192: Low | H192: Loc+Cat | I192: Dental | J192: /en/cosmetic-dentist/al-qurum | K192: =ROUND((IF(E192="Transactional",5,IF(E192="Commercial",4,IF(E192="Comparison",3,IF(E192="Informational",2,3))))*LOG10(IF(ISNUMBER(L192),L192,IFERROR(VALUE(LEFT(F192,FIND("-",F192)-1)),100))+1))/IF(IF(ISBLANK(M192),G192,M192)="High",5,IF(IF(ISBLANK(M192),G192,M192)="Medium",3,1)),2) -> 5.97 | O192: Not Started | P192: long-tail با رقابت پایین
A193: 192 | B193: 2 | C193: AR | D193: تجميل الأسنان القرم | E193: Commercial | F193: 30-80 | G193: Low | H193: Loc+Cat | I193: Dental | J193: /ar/cosmetic-dentist/al-qurum | K193: =ROUND((IF(E193="Transactional",5,IF(E193="Commercial",4,IF(E193="Comparison",3,IF(E193="Informational",2,3))))*LOG10(IF(ISNUMBER(L193),L193,IFERROR(VALUE(LEFT(F193,FIND("-",F193)-1)),100))+1))/IF(IF(ISBLANK(M193),G193,M193)="High",5,IF(IF(ISBLANK(M193),G193,M193)="Medium",3,1)),2) -> 5.97 | O193: Not Started
A194: 193 | B194: 2 | C194: EN | D194: Cosmetic Dentist Al Khuwair | E194: Commercial | F194: 30-80 | G194: Low | H194: Loc+Cat | I194: Dental | J194: /en/cosmetic-dentist/al-khuwair | K194: =ROUND((IF(E194="Transactional",5,IF(E194="Commercial",4,IF(E194="Comparison",3,IF(E194="Informational",2,3))))*LOG10(IF(ISNUMBER(L194),L194,IFERROR(VALUE(LEFT(F194,FIND("-",F194)-1)),100))+1))/IF(IF(ISBLANK(M194),G194,M194)="High",5,IF(IF(ISBLANK(M194),G194,M194)="Medium",3,1)),2) -> 5.97 | O194: Not Started | P194: long-tail با رقابت پایین
A195: 194 | B195: 2 | C195: AR | D195: تجميل الأسنان الخوير | E195: Commercial | F195: 30-80 | G195: Low | H195: Loc+Cat | I195: Dental | J195: /ar/cosmetic-dentist/al-khuwair | K195: =ROUND((IF(E195="Transactional",5,IF(E195="Commercial",4,IF(E195="Comparison",3,IF(E195="Informational",2,3))))*LOG10(IF(ISNUMBER(L195),L195,IFERROR(VALUE(LEFT(F195,FIND("-",F195)-1)),100))+1))/IF(IF(ISBLANK(M195),G195,M195)="High",5,IF(IF(ISBLANK(M195),G195,M195)="Medium",3,1)),2) -> 5.97 | O195: Not Started
A196: 195 | B196: 2 | C196: EN | D196: Cosmetic Dentist Madinat Sultan Qaboos | E196: Commercial | F196: 30-80 | G196: Low | H196: Loc+Cat | I196: Dental | J196: /en/cosmetic-dentist/madinat-sultan-qaboos | K196: =ROUND((IF(E196="Transactional",5,IF(E196="Commercial",4,IF(E196="Comparison",3,IF(E196="Informational",2,3))))*LOG10(IF(ISNUMBER(L196),L196,IFERROR(VALUE(LEFT(F196,FIND("-",F196)-1)),100))+1))/IF(IF(ISBLANK(M196),G196,M196)="High",5,IF(IF(ISBLANK(M196),G196,M196)="Medium",3,1)),2) -> 5.97 | O196: Not Started | P196: long-tail با رقابت پایین
A197: 196 | B197: 2 | C197: AR | D197: تجميل الأسنان مدينة السلطان قابوس | E197: Commercial | F197: 30-80 | G197: Low | H197: Loc+Cat | I197: Dental | J197: /ar/cosmetic-dentist/madinat-sultan-qaboos | K197: =ROUND((IF(E197="Transactional",5,IF(E197="Commercial",4,IF(E197="Comparison",3,IF(E197="Informational",2,3))))*LOG10(IF(ISNUMBER(L197),L197,IFERROR(VALUE(LEFT(F197,FIND("-",F197)-1)),100))+1))/IF(IF(ISBLANK(M197),G197,M197)="High",5,IF(IF(ISBLANK(M197),G197,M197)="Medium",3,1)),2) -> 5.97 | O197: Not Started
A198: 197 | B198: 2 | C198: EN | D198: Cosmetic Dentist Al Ghubra | E198: Commercial | F198: 30-80 | G198: Low | H198: Loc+Cat | I198: Dental | J198: /en/cosmetic-dentist/al-ghubra | K198: =ROUND((IF(E198="Transactional",5,IF(E198="Commercial",4,IF(E198="Comparison",3,IF(E198="Informational",2,3))))*LOG10(IF(ISNUMBER(L198),L198,IFERROR(VALUE(LEFT(F198,FIND("-",F198)-1)),100))+1))/IF(IF(ISBLANK(M198),G198,M198)="High",5,IF(IF(ISBLANK(M198),G198,M198)="Medium",3,1)),2) -> 5.97 | O198: Not Started | P198: long-tail با رقابت پایین
A199: 198 | B199: 2 | C199: AR | D199: تجميل الأسنان الغبرة | E199: Commercial | F199: 30-80 | G199: Low | H199: Loc+Cat | I199: Dental | J199: /ar/cosmetic-dentist/al-ghubra | K199: =ROUND((IF(E199="Transactional",5,IF(E199="Commercial",4,IF(E199="Comparison",3,IF(E199="Informational",2,3))))*LOG10(IF(ISNUMBER(L199),L199,IFERROR(VALUE(LEFT(F199,FIND("-",F199)-1)),100))+1))/IF(IF(ISBLANK(M199),G199,M199)="High",5,IF(IF(ISBLANK(M199),G199,M199)="Medium",3,1)),2) -> 5.97 | O199: Not Started
A200: 199 | B200: 2 | C200: EN | D200: Cosmetic Dentist Ruwi | E200: Commercial | F200: 30-80 | G200: Low | H200: Loc+Cat | I200: Dental | J200: /en/cosmetic-dentist/ruwi | K200: =ROUND((IF(E200="Transactional",5,IF(E200="Commercial",4,IF(E200="Comparison",3,IF(E200="Informational",2,3))))*LOG10(IF(ISNUMBER(L200),L200,IFERROR(VALUE(LEFT(F200,FIND("-",F200)-1)),100))+1))/IF(IF(ISBLANK(M200),G200,M200)="High",5,IF(IF(ISBLANK(M200),G200,M200)="Medium",3,1)),2) -> 5.97 | O200: Not Started | P200: long-tail با رقابت پایین
A201: 200 | B201: 2 | C201: AR | D201: تجميل الأسنان روي | E201: Commercial | F201: 30-80 | G201: Low | H201: Loc+Cat | I201: Dental | J201: /ar/cosmetic-dentist/ruwi | K201: =ROUND((IF(E201="Transactional",5,IF(E201="Commercial",4,IF(E201="Comparison",3,IF(E201="Informational",2,3))))*LOG10(IF(ISNUMBER(L201),L201,IFERROR(VALUE(LEFT(F201,FIND("-",F201)-1)),100))+1))/IF(IF(ISBLANK(M201),G201,M201)="High",5,IF(IF(ISBLANK(M201),G201,M201)="Medium",3,1)),2) -> 5.97 | O201: Not Started
A202: 201 | B202: 2 | C202: EN | D202: Cosmetic Dentist Bawshar | E202: Commercial | F202: 30-80 | G202: Low | H202: Loc+Cat | I202: Dental | J202: /en/cosmetic-dentist/bawshar | K202: =ROUND((IF(E202="Transactional",5,IF(E202="Commercial",4,IF(E202="Comparison",3,IF(E202="Informational",2,3))))*LOG10(IF(ISNUMBER(L202),L202,IFERROR(VALUE(LEFT(F202,FIND("-",F202)-1)),100))+1))/IF(IF(ISBLANK(M202),G202,M202)="High",5,IF(IF(ISBLANK(M202),G202,M202)="Medium",3,1)),2) -> 5.97 | O202: Not Started | P202: long-tail با رقابت پایین
A203: 202 | B203: 2 | C203: AR | D203: تجميل الأسنان بوشر | E203: Commercial | F203: 30-80 | G203: Low | H203: Loc+Cat | I203: Dental | J203: /ar/cosmetic-dentist/bawshar | K203: =ROUND((IF(E203="Transactional",5,IF(E203="Commercial",4,IF(E203="Comparison",3,IF(E203="Informational",2,3))))*LOG10(IF(ISNUMBER(L203),L203,IFERROR(VALUE(LEFT(F203,FIND("-",F203)-1)),100))+1))/IF(IF(ISBLANK(M203),G203,M203)="High",5,IF(IF(ISBLANK(M203),G203,M203)="Medium",3,1)),2) -> 5.97 | O203: Not Started
A204: 203 | B204: 2 | C204: EN | D204: Cosmetic Dentist Al Khoud | E204: Commercial | F204: 30-80 | G204: Low | H204: Loc+Cat | I204: Dental | J204: /en/cosmetic-dentist/al-khoud | K204: =ROUND((IF(E204="Transactional",5,IF(E204="Commercial",4,IF(E204="Comparison",3,IF(E204="Informational",2,3))))*LOG10(IF(ISNUMBER(L204),L204,IFERROR(VALUE(LEFT(F204,FIND("-",F204)-1)),100))+1))/IF(IF(ISBLANK(M204),G204,M204)="High",5,IF(IF(ISBLANK(M204),G204,M204)="Medium",3,1)),2) -> 5.97 | O204: Not Started | P204: long-tail با رقابت پایین
A205: 204 | B205: 2 | C205: AR | D205: تجميل الأسنان الخوض | E205: Commercial | F205: 30-80 | G205: Low | H205: Loc+Cat | I205: Dental | J205: /ar/cosmetic-dentist/al-khoud | K205: =ROUND((IF(E205="Transactional",5,IF(E205="Commercial",4,IF(E205="Comparison",3,IF(E205="Informational",2,3))))*LOG10(IF(ISNUMBER(L205),L205,IFERROR(VALUE(LEFT(F205,FIND("-",F205)-1)),100))+1))/IF(IF(ISBLANK(M205),G205,M205)="High",5,IF(IF(ISBLANK(M205),G205,M205)="Medium",3,1)),2) -> 5.97 | O205: Not Started
A206: 205 | B206: 2 | C206: EN | D206: Pediatric Dentist Al Mouj | E206: Commercial | F206: 30-80 | G206: Low | H206: Loc+Cat | I206: Dental | J206: /en/pediatric-dentist/al-mouj | K206: =ROUND((IF(E206="Transactional",5,IF(E206="Commercial",4,IF(E206="Comparison",3,IF(E206="Informational",2,3))))*LOG10(IF(ISNUMBER(L206),L206,IFERROR(VALUE(LEFT(F206,FIND("-",F206)-1)),100))+1))/IF(IF(ISBLANK(M206),G206,M206)="High",5,IF(IF(ISBLANK(M206),G206,M206)="Medium",3,1)),2) -> 5.97 | O206: Not Started | P206: long-tail با رقابت پایین
A207: 206 | B207: 2 | C207: AR | D207: طبيب أسنان أطفال الموج | E207: Commercial | F207: 30-80 | G207: Low | H207: Loc+Cat | I207: Dental | J207: /ar/pediatric-dentist/al-mouj | K207: =ROUND((IF(E207="Transactional",5,IF(E207="Commercial",4,IF(E207="Comparison",3,IF(E207="Informational",2,3))))*LOG10(IF(ISNUMBER(L207),L207,IFERROR(VALUE(LEFT(F207,FIND("-",F207)-1)),100))+1))/IF(IF(ISBLANK(M207),G207,M207)="High",5,IF(IF(ISBLANK(M207),G207,M207)="Medium",3,1)),2) -> 5.97 | O207: Not Started
A208: 207 | B208: 2 | C208: EN | D208: Pediatric Dentist Al Qurum | E208: Commercial | F208: 30-80 | G208: Low | H208: Loc+Cat | I208: Dental | J208: /en/pediatric-dentist/al-qurum | K208: =ROUND((IF(E208="Transactional",5,IF(E208="Commercial",4,IF(E208="Comparison",3,IF(E208="Informational",2,3))))*LOG10(IF(ISNUMBER(L208),L208,IFERROR(VALUE(LEFT(F208,FIND("-",F208)-1)),100))+1))/IF(IF(ISBLANK(M208),G208,M208)="High",5,IF(IF(ISBLANK(M208),G208,M208)="Medium",3,1)),2) -> 5.97 | O208: Not Started | P208: long-tail با رقابت پایین
A209: 208 | B209: 2 | C209: AR | D209: طبيب أسنان أطفال القرم | E209: Commercial | F209: 30-80 | G209: Low | H209: Loc+Cat | I209: Dental | J209: /ar/pediatric-dentist/al-qurum | K209: =ROUND((IF(E209="Transactional",5,IF(E209="Commercial",4,IF(E209="Comparison",3,IF(E209="Informational",2,3))))*LOG10(IF(ISNUMBER(L209),L209,IFERROR(VALUE(LEFT(F209,FIND("-",F209)-1)),100))+1))/IF(IF(ISBLANK(M209),G209,M209)="High",5,IF(IF(ISBLANK(M209),G209,M209)="Medium",3,1)),2) -> 5.97 | O209: Not Started
A210: 209 | B210: 2 | C210: EN | D210: Pediatric Dentist Al Khuwair | E210: Commercial | F210: 30-80 | G210: Low | H210: Loc+Cat | I210: Dental | J210: /en/pediatric-dentist/al-khuwair | K210: =ROUND((IF(E210="Transactional",5,IF(E210="Commercial",4,IF(E210="Comparison",3,IF(E210="Informational",2,3))))*LOG10(IF(ISNUMBER(L210),L210,IFERROR(VALUE(LEFT(F210,FIND("-",F210)-1)),100))+1))/IF(IF(ISBLANK(M210),G210,M210)="High",5,IF(IF(ISBLANK(M210),G210,M210)="Medium",3,1)),2) -> 5.97 | O210: Not Started | P210: long-tail با رقابت پایین
A211: 210 | B211: 2 | C211: AR | D211: طبيب أسنان أطفال الخوير | E211: Commercial | F211: 30-80 | G211: Low | H211: Loc+Cat | I211: Dental | J211: /ar/pediatric-dentist/al-khuwair | K211: =ROUND((IF(E211="Transactional",5,IF(E211="Commercial",4,IF(E211="Comparison",3,IF(E211="Informational",2,3))))*LOG10(IF(ISNUMBER(L211),L211,IFERROR(VALUE(LEFT(F211,FIND("-",F211)-1)),100))+1))/IF(IF(ISBLANK(M211),G211,M211)="High",5,IF(IF(ISBLANK(M211),G211,M211)="Medium",3,1)),2) -> 5.97 | O211: Not Started
A212: 211 | B212: 2 | C212: EN | D212: Pediatric Dentist Madinat Sultan Qaboos | E212: Commercial | F212: 30-80 | G212: Low | H212: Loc+Cat | I212: Dental | J212: /en/pediatric-dentist/madinat-sultan-qaboos | K212: =ROUND((IF(E212="Transactional",5,IF(E212="Commercial",4,IF(E212="Comparison",3,IF(E212="Informational",2,3))))*LOG10(IF(ISNUMBER(L212),L212,IFERROR(VALUE(LEFT(F212,FIND("-",F212)-1)),100))+1))/IF(IF(ISBLANK(M212),G212,M212)="High",5,IF(IF(ISBLANK(M212),G212,M212)="Medium",3,1)),2) -> 5.97 | O212: Not Started | P212: long-tail با رقابت پایین
A213: 212 | B213: 2 | C213: AR | D213: طبيب أسنان أطفال مدينة السلطان قابوس | E213: Commercial | F213: 30-80 | G213: Low | H213: Loc+Cat | I213: Dental | J213: /ar/pediatric-dentist/madinat-sultan-qaboos | K213: =ROUND((IF(E213="Transactional",5,IF(E213="Commercial",4,IF(E213="Comparison",3,IF(E213="Informational",2,3))))*LOG10(IF(ISNUMBER(L213),L213,IFERROR(VALUE(LEFT(F213,FIND("-",F213)-1)),100))+1))/IF(IF(ISBLANK(M213),G213,M213)="High",5,IF(IF(ISBLANK(M213),G213,M213)="Medium",3,1)),2) -> 5.97 | O213: Not Started
A214: 213 | B214: 2 | C214: EN | D214: Pediatric Dentist Al Ghubra | E214: Commercial | F214: 30-80 | G214: Low | H214: Loc+Cat | I214: Dental | J214: /en/pediatric-dentist/al-ghubra | K214: =ROUND((IF(E214="Transactional",5,IF(E214="Commercial",4,IF(E214="Comparison",3,IF(E214="Informational",2,3))))*LOG10(IF(ISNUMBER(L214),L214,IFERROR(VALUE(LEFT(F214,FIND("-",F214)-1)),100))+1))/IF(IF(ISBLANK(M214),G214,M214)="High",5,IF(IF(ISBLANK(M214),G214,M214)="Medium",3,1)),2) -> 5.97 | O214: Not Started | P214: long-tail با رقابت پایین
A215: 214 | B215: 2 | C215: AR | D215: طبيب أسنان أطفال الغبرة | E215: Commercial | F215: 30-80 | G215: Low | H215: Loc+Cat | I215: Dental | J215: /ar/pediatric-dentist/al-ghubra | K215: =ROUND((IF(E215="Transactional",5,IF(E215="Commercial",4,IF(E215="Comparison",3,IF(E215="Informational",2,3))))*LOG10(IF(ISNUMBER(L215),L215,IFERROR(VALUE(LEFT(F215,FIND("-",F215)-1)),100))+1))/IF(IF(ISBLANK(M215),G215,M215)="High",5,IF(IF(ISBLANK(M215),G215,M215)="Medium",3,1)),2) -> 5.97 | O215: Not Started
A216: 215 | B216: 2 | C216: EN | D216: Pediatric Dentist Ruwi | E216: Commercial | F216: 30-80 | G216: Low | H216: Loc+Cat | I216: Dental | J216: /en/pediatric-dentist/ruwi | K216: =ROUND((IF(E216="Transactional",5,IF(E216="Commercial",4,IF(E216="Comparison",3,IF(E216="Informational",2,3))))*LOG10(IF(ISNUMBER(L216),L216,IFERROR(VALUE(LEFT(F216,FIND("-",F216)-1)),100))+1))/IF(IF(ISBLANK(M216),G216,M216)="High",5,IF(IF(ISBLANK(M216),G216,M216)="Medium",3,1)),2) -> 5.97 | O216: Not Started | P216: long-tail با رقابت پایین
A217: 216 | B217: 2 | C217: AR | D217: طبيب أسنان أطفال روي | E217: Commercial | F217: 30-80 | G217: Low | H217: Loc+Cat | I217: Dental | J217: /ar/pediatric-dentist/ruwi | K217: =ROUND((IF(E217="Transactional",5,IF(E217="Commercial",4,IF(E217="Comparison",3,IF(E217="Informational",2,3))))*LOG10(IF(ISNUMBER(L217),L217,IFERROR(VALUE(LEFT(F217,FIND("-",F217)-1)),100))+1))/IF(IF(ISBLANK(M217),G217,M217)="High",5,IF(IF(ISBLANK(M217),G217,M217)="Medium",3,1)),2) -> 5.97 | O217: Not Started
A218: 217 | B218: 2 | C218: EN | D218: Pediatric Dentist Bawshar | E218: Commercial | F218: 30-80 | G218: Low | H218: Loc+Cat | I218: Dental | J218: /en/pediatric-dentist/bawshar | K218: =ROUND((IF(E218="Transactional",5,IF(E218="Commercial",4,IF(E218="Comparison",3,IF(E218="Informational",2,3))))*LOG10(IF(ISNUMBER(L218),L218,IFERROR(VALUE(LEFT(F218,FIND("-",F218)-1)),100))+1))/IF(IF(ISBLANK(M218),G218,M218)="High",5,IF(IF(ISBLANK(M218),G218,M218)="Medium",3,1)),2) -> 5.97 | O218: Not Started | P218: long-tail با رقابت پایین
A219: 218 | B219: 2 | C219: AR | D219: طبيب أسنان أطفال بوشر | E219: Commercial | F219: 30-80 | G219: Low | H219: Loc+Cat | I219: Dental | J219: /ar/pediatric-dentist/bawshar | K219: =ROUND((IF(E219="Transactional",5,IF(E219="Commercial",4,IF(E219="Comparison",3,IF(E219="Informational",2,3))))*LOG10(IF(ISNUMBER(L219),L219,IFERROR(VALUE(LEFT(F219,FIND("-",F219)-1)),100))+1))/IF(IF(ISBLANK(M219),G219,M219)="High",5,IF(IF(ISBLANK(M219),G219,M219)="Medium",3,1)),2) -> 5.97 | O219: Not Started
A220: 219 | B220: 2 | C220: EN | D220: Pediatric Dentist Al Khoud | E220: Commercial | F220: 30-80 | G220: Low | H220: Loc+Cat | I220: Dental | J220: /en/pediatric-dentist/al-khoud | K220: =ROUND((IF(E220="Transactional",5,IF(E220="Commercial",4,IF(E220="Comparison",3,IF(E220="Informational",2,3))))*LOG10(IF(ISNUMBER(L220),L220,IFERROR(VALUE(LEFT(F220,FIND("-",F220)-1)),100))+1))/IF(IF(ISBLANK(M220),G220,M220)="High",5,IF(IF(ISBLANK(M220),G220,M220)="Medium",3,1)),2) -> 5.97 | O220: Not Started | P220: long-tail با رقابت پایین
A221: 220 | B221: 2 | C221: AR | D221: طبيب أسنان أطفال الخوض | E221: Commercial | F221: 30-80 | G221: Low | H221: Loc+Cat | I221: Dental | J221: /ar/pediatric-dentist/al-khoud | K221: =ROUND((IF(E221="Transactional",5,IF(E221="Commercial",4,IF(E221="Comparison",3,IF(E221="Informational",2,3))))*LOG10(IF(ISNUMBER(L221),L221,IFERROR(VALUE(LEFT(F221,FIND("-",F221)-1)),100))+1))/IF(IF(ISBLANK(M221),G221,M221)="High",5,IF(IF(ISBLANK(M221),G221,M221)="Medium",3,1)),2) -> 5.97 | O221: Not Started
A222: 221 | B222: 2 | C222: EN | D222: Dental Implant Al Mouj | E222: Commercial | F222: 40-100 | G222: Low | H222: Loc+Cat | I222: Dental | J222: /en/dental-implant/al-mouj | K222: =ROUND((IF(E222="Transactional",5,IF(E222="Commercial",4,IF(E222="Comparison",3,IF(E222="Informational",2,3))))*LOG10(IF(ISNUMBER(L222),L222,IFERROR(VALUE(LEFT(F222,FIND("-",F222)-1)),100))+1))/IF(IF(ISBLANK(M222),G222,M222)="High",5,IF(IF(ISBLANK(M222),G222,M222)="Medium",3,1)),2) -> 6.45 | O222: Not Started | P222: long-tail با رقابت پایین
A223: 222 | B223: 2 | C223: AR | D223: زرع الأسنان الموج | E223: Commercial | F223: 40-100 | G223: Low | H223: Loc+Cat | I223: Dental | J223: /ar/dental-implant/al-mouj | K223: =ROUND((IF(E223="Transactional",5,IF(E223="Commercial",4,IF(E223="Comparison",3,IF(E223="Informational",2,3))))*LOG10(IF(ISNUMBER(L223),L223,IFERROR(VALUE(LEFT(F223,FIND("-",F223)-1)),100))+1))/IF(IF(ISBLANK(M223),G223,M223)="High",5,IF(IF(ISBLANK(M223),G223,M223)="Medium",3,1)),2) -> 6.45 | O223: Not Started
A224: 223 | B224: 2 | C224: EN | D224: Dental Implant Al Qurum | E224: Commercial | F224: 40-100 | G224: Low | H224: Loc+Cat | I224: Dental | J224: /en/dental-implant/al-qurum | K224: =ROUND((IF(E224="Transactional",5,IF(E224="Commercial",4,IF(E224="Comparison",3,IF(E224="Informational",2,3))))*LOG10(IF(ISNUMBER(L224),L224,IFERROR(VALUE(LEFT(F224,FIND("-",F224)-1)),100))+1))/IF(IF(ISBLANK(M224),G224,M224)="High",5,IF(IF(ISBLANK(M224),G224,M224)="Medium",3,1)),2) -> 6.45 | O224: Not Started | P224: long-tail با رقابت پایین
A225: 224 | B225: 2 | C225: AR | D225: زرع الأسنان القرم | E225: Commercial | F225: 40-100 | G225: Low | H225: Loc+Cat | I225: Dental | J225: /ar/dental-implant/al-qurum | K225: =ROUND((IF(E225="Transactional",5,IF(E225="Commercial",4,IF(E225="Comparison",3,IF(E225="Informational",2,3))))*LOG10(IF(ISNUMBER(L225),L225,IFERROR(VALUE(LEFT(F225,FIND("-",F225)-1)),100))+1))/IF(IF(ISBLANK(M225),G225,M225)="High",5,IF(IF(ISBLANK(M225),G225,M225)="Medium",3,1)),2) -> 6.45 | O225: Not Started
A226: 225 | B226: 2 | C226: EN | D226: Dental Implant Al Khuwair | E226: Commercial | F226: 40-100 | G226: Low | H226: Loc+Cat | I226: Dental | J226: /en/dental-implant/al-khuwair | K226: =ROUND((IF(E226="Transactional",5,IF(E226="Commercial",4,IF(E226="Comparison",3,IF(E226="Informational",2,3))))*LOG10(IF(ISNUMBER(L226),L226,IFERROR(VALUE(LEFT(F226,FIND("-",F226)-1)),100))+1))/IF(IF(ISBLANK(M226),G226,M226)="High",5,IF(IF(ISBLANK(M226),G226,M226)="Medium",3,1)),2) -> 6.45 | O226: Not Started | P226: long-tail با رقابت پایین
A227: 226 | B227: 2 | C227: AR | D227: زرع الأسنان الخوير | E227: Commercial | F227: 40-100 | G227: Low | H227: Loc+Cat | I227: Dental | J227: /ar/dental-implant/al-khuwair | K227: =ROUND((IF(E227="Transactional",5,IF(E227="Commercial",4,IF(E227="Comparison",3,IF(E227="Informational",2,3))))*LOG10(IF(ISNUMBER(L227),L227,IFERROR(VALUE(LEFT(F227,FIND("-",F227)-1)),100))+1))/IF(IF(ISBLANK(M227),G227,M227)="High",5,IF(IF(ISBLANK(M227),G227,M227)="Medium",3,1)),2) -> 6.45 | O227: Not Started
A228: 227 | B228: 2 | C228: EN | D228: Dental Implant Madinat Sultan Qaboos | E228: Commercial | F228: 40-100 | G228: Low | H228: Loc+Cat | I228: Dental | J228: /en/dental-implant/madinat-sultan-qaboos | K228: =ROUND((IF(E228="Transactional",5,IF(E228="Commercial",4,IF(E228="Comparison",3,IF(E228="Informational",2,3))))*LOG10(IF(ISNUMBER(L228),L228,IFERROR(VALUE(LEFT(F228,FIND("-",F228)-1)),100))+1))/IF(IF(ISBLANK(M228),G228,M228)="High",5,IF(IF(ISBLANK(M228),G228,M228)="Medium",3,1)),2) -> 6.45 | O228: Not Started | P228: long-tail با رقابت پایین
...

Sheet ۰۲_Categories
A1: # | B1: English Name | C1: Arabic Name | D1: Slug | E1: Cluster | F1: Intensity | G1: URL Pattern
A2: 1 | B2: Dentist | C2: طبيب أسنان | D2: dentist | E2: Dental | F2: 5 | G2: /[lang]/dentist
A3: 2 | B3: Dental Clinic | C3: عيادة أسنان | D3: dental-clinic | E3: Dental | F3: 5 | G3: /[lang]/dental-clinic
A4: 3 | B4: Orthodontist | C4: تقويم الأسنان | D4: orthodontist | E4: Dental | F4: 4 | G4: /[lang]/orthodontist
A5: 4 | B5: Endodontist | C5: علاج جذور الأسنان | D5: endodontist | E5: Dental | F5: 3 | G5: /[lang]/endodontist
A6: 5 | B6: Periodontist | C6: أمراض اللثة | D6: periodontist | E6: Dental | F6: 3 | G6: /[lang]/periodontist
A7: 6 | B7: Oral Surgeon | C7: جراحة الفم | D7: oral-surgeon | E7: Dental | F7: 3 | G7: /[lang]/oral-surgeon
A8: 7 | B8: Cosmetic Dentist | C8: تجميل الأسنان | D8: cosmetic-dentist | E8: Dental | F8: 4 | G8: /[lang]/cosmetic-dentist
A9: 8 | B9: Pediatric Dentist | C9: طبيب أسنان أطفال | D9: pediatric-dentist | E9: Dental | F9: 4 | G9: /[lang]/pediatric-dentist
A10: 9 | B10: Dental Implant | C10: زرع الأسنان | D10: dental-implant | E10: Dental | F10: 5 | G10: /[lang]/dental-implant
A11: 10 | B11: Teeth Whitening | C11: تبييض الأسنان | D11: teeth-whitening | E11: Dental | F11: 4 | G11: /[lang]/teeth-whitening
A12: 11 | B12: Invisalign | C12: تقويم شفاف | D12: invisalign | E12: Dental | F12: 4 | G12: /[lang]/invisalign
A13: 12 | B13: Veneers | C13: عدسات الأسنان | D13: veneers | E13: Dental | F13: 4 | G13: /[lang]/veneers
... A107: 106 | B107: Telemedicine | C107: طب عن بعد | D107: telemedicine | E107: Telehealth | F107: 3 | G107: /[lang]/telemedicine

Sheet ۰۳_Locations
A1: # | B1: English Name | C1: Arabic Name | D1: City/Region | E1: Priority | F1: URL Slug
A2: 1 | B2: Al Mouj | C2: الموج | D2: Muscat | E2: 5 | F2: al-mouj
A3: 2 | B3: Al Qurum | C3: القرم | D3: Muscat | E3: 5 | F3: al-qurum
A4: 3 | B4: Al Khuwair | C4: الخوير | D4: Muscat | E4: 5 | F4: al-khuwair
A5: 4 | B5: Madinat Sultan Qaboos | C5: مدينة السلطان قابوس | D5: Muscat | E5: 4 | F5: madinat-sultan-qaboos
A6: 5 | B6: Al Ghubra | C6: الغبرة | D6: Muscat | E6: 4 | F6: al-ghubra
A7: 6 | B7: Ruwi | C7: روي | D7: Muscat | E7: 4 | F7: ruwi
A8: 7 | B8: Bawshar | C8: بوشر | D8: Muscat | E8: 4 | F8: bawshar
A9: 8 | B9: Al Khoud | C9: الخوض | D9: Muscat | E9: 4 | F9: al-khoud
A10: 9 | B10: Al Seeb | C10: السيب | D10: Muscat | E10: 4 | F10: al-seeb
A11: 10 | B11: Mawaleh | C11: الموالح | D11: Muscat | E11: 3 | F11: mawaleh
A12: 11 | B12: Al Hail | C12: الحيل | D12: Muscat | E12: 3 | F12: al-hail
A13: 12 | B13: Al Amerat | C13: العامرات | D13: Muscat | E13: 3 | F13: al-amerat
... A24: 23 | B24: Rustaq | C24: الرستاق | D24: Al Batinah | E24: 2 | F24: rustaq

Sheet ۰۴_Tier1_Money
A1: # | B1: Tier | C1: Lang | D1: Keyword | E1: Intent | F1: Est. Volume | G1: Est. Comp. | H1: Pattern | I1: Cluster | J1: Target URL | K1: Priority | L1: Actual Vol. | M1: Actual Diff. | N1: Current Rank | O1: Status | P1: Notes
A2: 1 | B2: 1 | C2: EN | D2: best Dentist Muscat | E2: Commercial | F2: 1000-2500 | G2: High | H2: Money-City | I2: Dental | J2: /en/dentist | K2: =ROUND((IF(E2="Transactional",5,IF(E2="Commercial",4,IF(E2="Comparison",3,IF(E2="Informational",2,3))))*LOG10(IF(ISNUMBER(L2),L2,IFERROR(VALUE(LEFT(F2,FIND("-",F2)-1)),100))+1))/IF(IF(ISBLANK(M2),G2,M2)="High",5,IF(IF(ISBLANK(M2),G2,M2)="Medium",3,1)),2) -> 2.4 | O2: Not Started | P2: بهترین Dentist در مسقط — کلمه پربازدید
A3: 2 | B3: 1 | C3: AR | D3: أفضل طبيب أسنان مسقط | E3: Commercial | F3: 800-2000 | G3: High | H3: Money-City | I3: Dental | J3: /ar/dentist | K3: =ROUND((IF(E3="Transactional",5,IF(E3="Commercial",4,IF(E3="Comparison",3,IF(E3="Informational",2,3))))*LOG10(IF(ISNUMBER(L3),L3,IFERROR(VALUE(LEFT(F3,FIND("-",F3)-1)),100))+1))/IF(IF(ISBLANK(M3),G3,M3)="High",5,IF(IF(ISBLANK(M3),G3,M3)="Medium",3,1)),2) -> 2.32 | O3: Not Started | P3: رقابت کم‌تر در عربی، اولویت بالاتر
A4: 3 | B4: 1 | C4: EN | D4: best Dental Clinic Muscat | E4: Commercial | F4: 1000-2500 | G4: High | H4: Money-City | I4: Dental | J4: /en/dental-clinic | K4: =ROUND((IF(E4="Transactional",5,IF(E4="Commercial",4,IF(E4="Comparison",3,IF(E4="Informational",2,3))))*LOG10(IF(ISNUMBER(L4),L4,IFERROR(VALUE(LEFT(F4,FIND("-",F4)-1)),100))+1))/IF(IF(ISBLANK(M4),G4,M4)="High",5,IF(IF(ISBLANK(M4),G4,M4)="Medium",3,1)),2) -> 2.4 | O4: Not Started | P4: بهترین Dental Clinic در مسقط — کلمه پربازدید
A5: 4 | B5: 1 | C5: AR | D5: أفضل عيادة أسنان مسقط | E5: Commercial | F5: 800-2000 | G5: High | H5: Money-City | I5: Dental | J5: /ar/dental-clinic | K5: =ROUND((IF(E5="Transactional",5,IF(E5="Commercial",4,IF(E5="Comparison",3,IF(E5="Informational",2,3))))*LOG10(IF(ISNUMBER(L5),L5,IFERROR(VALUE(LEFT(F5,FIND("-",F5)-1)),100))+1))/IF(IF(ISBLANK(M5),G5,M5)="High",5,IF(IF(ISBLANK(M5),G5,M5)="Medium",3,1)),2) -> 2.32 | O5: Not Started | P5: رقابت کم‌تر در عربی، اولویت بالاتر
A6: 5 | B6: 1 | C6: EN | D6: best Orthodontist Muscat | E6: Commercial | F6: 400-1000 | G6: Medium | H6: Money-City | I6: Dental | J6: /en/orthodontist | K6: =ROUND((IF(E6="Transactional",5,IF(E6="Commercial",4,IF(E6="Comparison",3,IF(E6="Informational",2,3))))*LOG10(IF(ISNUMBER(L6),L6,IFERROR(VALUE(LEFT(F6,FIND("-",F6)-1)),100))+1))/IF(IF(ISBLANK(M6),G6,M6)="High",5,IF(IF(ISBLANK(M6),G6,M6)="Medium",3,1)),2) -> 3.47 | O6: Not Started | P6: بهترین Orthodontist در مسقط — کلمه پربازدید
A7: 6 | B7: 1 | C7: AR | D7: أفضل تقويم الأسنان مسقط | E7: Commercial | F7: 350-800 | G7: Medium | H7: Money-City | I7: Dental | J7: /ar/orthodontist | K7: =ROUND((IF(E7="Transactional",5,IF(E7="Commercial",4,IF(E7="Comparison",3,IF(E7="Informational",2,3))))*LOG10(IF(ISNUMBER(L7),L7,IFERROR(VALUE(LEFT(F7,FIND("-",F7)-1)),100))+1))/IF(IF(ISBLANK(M7),G7,M7)="High",5,IF(IF(ISBLANK(M7),G7,M7)="Medium",3,1)),2) -> 3.39 | O7: Not Started | P7: رقابت کم‌تر در عربی، اولویت بالاتر
A8: 7 | B8: 1 | C8: EN | D8: best Cosmetic Dentist Muscat | E8: Commercial | F8: 400-1000 | G8: Medium | H8: Money-City | I8: Dental | J8: /en/cosmetic-dentist | K8: =ROUND((IF(E8="Transactional",5,IF(E8="Commercial",4,IF(E8="Comparison",3,IF(E8="Informational",2,3))))*LOG10(IF(ISNUMBER(L8),L8,IFERROR(VALUE(LEFT(F8,FIND("-",F8)-1)),100))+1))/IF(IF(ISBLANK(M8),G8,M8)="High",5,IF(IF(ISBLANK(M8),G8,M8)="Medium",3,1)),2) -> 3.47 | O8: Not Started | P8: بهترین Cosmetic Dentist در مسقط — کلمه پربازدید
A9: 8 | B9: 1 | C9: AR | D9: أفضل تجميل الأسنان مسقط | E9: Commercial | F9: 350-800 | G9: Medium | H9: Money-City | I9: Dental | J9: /ar/cosmetic-dentist | K9: =ROUND((IF(E9="Transactional",5,IF(E9="Commercial",4,IF(E9="Comparison",3,IF(E9="Informational",2,3))))*LOG10(IF(ISNUMBER(L9),L9,IFERROR(VALUE(LEFT(F9,FIND("-",F9)-1)),100))+1))/IF(IF(ISBLANK(M9),G9,M9)="High",5,IF(IF(ISBLANK(M9),G9,M9)="Medium",3,1)),2) -> 3.39 | O9: Not Started | P9: رقابت کم‌تر در عربی، اولویت بالاتر
A10: 9 | B10: 1 | C10: EN | D10: best Pediatric Dentist Muscat | E10: Commercial | F10: 400-1000 | G10: Medium | H10: Money-City | I10: Dental | J10: /en/pediatric-dentist | K10: =ROUND((IF(E10="Transactional",5,IF(E10="Commercial",4,IF(E10="Comparison",3,IF(E10="Informational",2,3))))*LOG10(IF(ISNUMBER(L10),L10,IFERROR(VALUE(LEFT(F10,FIND("-",F10)-1)),100))+1))/IF(IF(ISBLANK(M10),G10,M10)="High",5,IF(IF(ISBLANK(M10),G10,M10)="Medium",3,1)),2) -> 3.47 | O10: Not Started | P10: بهترین Pediatric Dentist در مسقط — کلمه پربازدید
A11: 10 | B11: 1 | C11: AR | D11: أفضل طبيب أسنان أطفال مسقط | E11: Commercial | F11: 350-800 | G11: Medium | H11: Money-City | I11: Dental | J11: /ar/pediatric-dentist | K11: =ROUND((IF(E11="Transactional",5,IF(E11="Commercial",4,IF(E11="Comparison",3,IF(E11="Informational",2,3))))*LOG10(IF(ISNUMBER(L11),L11,IFERROR(VALUE(LEFT(F11,FIND("-",F11)-1)),100))+1))/IF(IF(ISBLANK(M11),G11,M11)="High",5,IF(IF(ISBLANK(M11),G11,M11)="Medium",3,1)),2) -> 3.39 | O11: Not Started | P11: رقابت کم‌تر در عربی، اولویت بالاتر
A12: 11 | B12: 1 | C12: EN | D12: best Dental Implant Muscat | E12: Commercial | F12: 1000-2500 | G12: High | H12: Money-City | I12: Dental | J12: /en/dental-implant | K12: =ROUND((IF(E12="Transactional",5,IF(E12="Commercial",4,IF(E12="Comparison",3,IF(E12="Informational",2,3))))*LOG10(IF(ISNUMBER(L12),L12,IFERROR(VALUE(LEFT(F12,FIND("-",F12)-1)),100))+1))/IF(IF(ISBLANK(M12),G12,M12)="High",5,IF(IF(ISBLANK(M12),G12,M12)="Medium",3,1)),2) -> 2.4 | O12: Not Started | P12: بهترین Dental Implant در مسقط — کلمه پربازدید
A13: 12 | B13: 1 | C13: AR | D13: أفضل زرع الأسنان مسقط | E13: Commercial | F13: 800-2000 | G13: High | H13: Money-City | I13: Dental | J13: /ar/dental-implant | K13: =ROUND((IF(E13="Transactional",5,IF(E13="Commercial",4,IF(E13="Comparison",3,IF(E13="Informational",2,3))))*LOG10(IF(ISNUMBER(L13),L13,IFERROR(VALUE(LEFT(F13,FIND("-",F13)-1)),100))+1))/IF(IF(ISBLANK(M13),G13,M13)="High",5,IF(IF(ISBLANK(M13),G13,M13)="Medium",3,1)),2) -> 2.32 | O13: Not Started | P13: رقابت کم‌تر در عربی، اولویت بالاتر
... A141: 140 | B141: 1 | C141: AR | D141: أفضل رعاية منزلية مسقط | E141: Commercial | F141: 350-800 | G141: Medium | H141: Money-City | I141: Home | J141: /ar/home-healthcare | K141: =ROUND((IF(E141="Transactional",5,IF(E141="Commercial",4,IF(E141="Comparison",3,IF(E141="Informational",2,3))))*LOG10(IF(ISNUMBER(L141),L141,IFERROR(VALUE(LEFT(F141,FIND("-",F141)-1)),100))+1))/IF(IF(ISBLANK(M141),G141,M141)="High",5,IF(IF(ISBLANK(M141),G141,M141)="Medium",3,1)),2) -> 3.39 | O141: Not Started | P141: رقابت کم‌تر در عربی، اولویت بالاتر

Sheet ۰۵_Tier2_Programmatic
A1: # | B1: Tier | C1: Lang | D1: Keyword | E1: Intent | F1: Est. Volume | G1: Est. Comp. | H1: Pattern | I1: Cluster | J1: Target URL | K1: Priority | L1: Actual Vol. | M1: Actual Diff. | N1: Current Rank | O1: Status | P1: Notes
A2: 141 | B2: 2 | C2: EN | D2: Dentist Al Mouj | E2: Commercial | F2: 40-100 | G2: Low | H2: Loc+Cat | I2: Dental | J2: /en/dentist/al-mouj | K2: =ROUND((IF(E2="Transactional",5,IF(E2="Commercial",4,IF(E2="Comparison",3,IF(E2="Informational",2,3))))*LOG10(IF(ISNUMBER(L2),L2,IFERROR(VALUE(LEFT(F2,FIND("-",F2)-1)),100))+1))/IF(IF(ISBLANK(M2),G2,M2)="High",5,IF(IF(ISBLANK(M2),G2,M2)="Medium",3,1)),2) -> 6.45 | O2: Not Started | P2: long-tail با رقابت پایین
A3: 142 | B3: 2 | C3: AR | D3: طبيب أسنان الموج | E3: Commercial | F3: 40-100 | G3: Low | H3: Loc+Cat | I3: Dental | J3: /ar/dentist/al-mouj | K3: =ROUND((IF(E3="Transactional",5,IF(E3="Commercial",4,IF(E3="Comparison",3,IF(E3="Informational",2,3))))*LOG10(IF(ISNUMBER(L3),L3,IFERROR(VALUE(LEFT(F3,FIND("-",F3)-1)),100))+1))/IF(IF(ISBLANK(M3),G3,M3)="High",5,IF(IF(ISBLANK(M3),G3,M3)="Medium",3,1)),2) -> 6.45 | O3: Not Started
A4: 143 | B4: 2 | C4: EN | D4: Dentist Al Qurum | E4: Commercial | F4: 40-100 | G4: Low | H4: Loc+Cat | I4: Dental | J4: /en/dentist/al-qurum | K4: =ROUND((IF(E4="Transactional",5,IF(E4="Commercial",4,IF(E4="Comparison",3,IF(E4="Informational",2,3))))*LOG10(IF(ISNUMBER(L4),L4,IFERROR(VALUE(LEFT(F4,FIND("-",F4)-1)),100))+1))/IF(IF(ISBLANK(M4),G4,M4)="High",5,IF(IF(ISBLANK(M4),G4,M4)="Medium",3,1)),2) -> 6.45 | O4: Not Started | P4: long-tail با رقابت پایین
A5: 144 | B5: 2 | C5: AR | D5: طبيب أسنان القرم | E5: Commercial | F5: 40-100 | G5: Low | H5: Loc+Cat | I5: Dental | J5: /ar/dentist/al-qurum | K5: =ROUND((IF(E5="Transactional",5,IF(E5="Commercial",4,IF(E5="Comparison",3,IF(E5="Informational",2,3))))*LOG10(IF(ISNUMBER(L5),L5,IFERROR(VALUE(LEFT(F5,FIND("-",F5)-1)),100))+1))/IF(IF(ISBLANK(M5),G5,M5)="High",5,IF(IF(ISBLANK(M5),G5,M5)="Medium",3,1)),2) -> 6.45 | O5: Not Started
A6: 145 | B6: 2 | C6: EN | D6: Dentist Al Khuwair | E6: Commercial | F6: 40-100 | G6: Low | H6: Loc+Cat | I6: Dental | J6: /en/dentist/al-khuwair | K6: =ROUND((IF(E6="Transactional",5,IF(E6="Commercial",4,IF(E6="Comparison",3,IF(E6="Informational",2,3))))*LOG10(IF(ISNUMBER(L6),L6,IFERROR(VALUE(LEFT(F6,FIND("-",F6)-1)),100))+1))/IF(IF(ISBLANK(M6),G6,M6)="High",5,IF(IF(ISBLANK(M6),G6,M6)="Medium",3,1)),2) -> 6.45 | O6: Not Started | P6: long-tail با رقابت پایین
A7: 146 | B7: 2 | C7: AR | D7: طبيب أسنان الخوير | E7: Commercial | F7: 40-100 | G7: Low | H7: Loc+Cat | I7: Dental | J7: /ar/dentist/al-khuwair | K7: =ROUND((IF(E7="Transactional",5,IF(E7="Commercial",4,IF(E7="Comparison",3,IF(E7="Informational",2,3))))*LOG10(IF(ISNUMBER(L7),L7,IFERROR(VALUE(LEFT(F7,FIND("-",F7)-1)),100))+1))/IF(IF(ISBLANK(M7),G7,M7)="High",5,IF(IF(ISBLANK(M7),G7,M7)="Medium",3,1)),2) -> 6.45 | O7: Not Started
A8: 147 | B8: 2 | C8: EN | D8: Dentist Madinat Sultan Qaboos | E8: Commercial | F8: 40-100 | G8: Low | H8: Loc+Cat | I8: Dental | J8: /en/dentist/madinat-sultan-qaboos | K8: =ROUND((IF(E8="Transactional",5,IF(E8="Commercial",4,IF(E8="Comparison",3,IF(E8="Informational",2,3))))*LOG10(IF(ISNUMBER(L8),L8,IFERROR(VALUE(LEFT(F8,FIND("-",F8)-1)),100))+1))/IF(IF(ISBLANK(M8),G8,M8)="High",5,IF(IF(ISBLANK(M8),G8,M8)="Medium",3,1)),2) -> 6.45 | O8: Not Started | P8: long-tail با رقابت پایین
A9: 148 | B9: 2 | C9: AR | D9: طبيب أسنان مدينة السلطان قابوس | E9: Commercial | F9: 40-100 | G9: Low | H9: Loc+Cat | I9: Dental | J9: /ar/dentist/madinat-sultan-qaboos | K9: =ROUND((IF(E9="Transactional",5,IF(E9="Commercial",4,IF(E9="Comparison",3,IF(E9="Informational",2,3))))*LOG10(IF(ISNUMBER(L9),L9,IFERROR(VALUE(LEFT(F9,FIND("-",F9)-1)),100))+1))/IF(IF(ISBLANK(M9),G9,M9)="High",5,IF(IF(ISBLANK(M9),G9,M9)="Medium",3,1)),2) -> 6.45 | O9: Not Started
A10: 149 | B10: 2 | C10: EN | D10: Dentist Al Ghubra | E10: Commercial | F10: 40-100 | G10: Low | H10: Loc+Cat | I10: Dental | J10: /en/dentist/al-ghubra | K10: =ROUND((IF(E10="Transactional",5,IF(E10="Commercial",4,IF(E10="Comparison",3,IF(E10="Informational",2,3))))*LOG10(IF(ISNUMBER(L10),L10,IFERROR(VALUE(LEFT(F10,FIND("-",F10)-1)),100))+1))/IF(IF(ISBLANK(M10),G10,M10)="High",5,IF(IF(ISBLANK(M10),G10,M10)="Medium",3,1)),2) -> 6.45 | O10: Not Started | P10: long-tail با رقابت پایین
A11: 150 | B11: 2 | C11: AR | D11: طبيب أسنان الغبرة | E11: Commercial | F11: 40-100 | G11: Low | H11: Loc+Cat | I11: Dental | J11: /ar/dentist/al-ghubra | K11: =ROUND((IF(E11="Transactional",5,IF(E11="Commercial",4,IF(E11="Comparison",3,IF(E11="Informational",2,3))))*LOG10(IF(ISNUMBER(L11),L11,IFERROR(VALUE(LEFT(F11,FIND("-",F11)-1)),100))+1))/IF(IF(ISBLANK(M11),G11,M11)="High",5,IF(IF(ISBLANK(M11),G11,M11)="Medium",3,1)),2) -> 6.45 | O11: Not Started
A12: 151 | B12: 2 | C12: EN | D12: Dentist Ruwi | E12: Commercial | F12: 40-100 | G12: Low | H12: Loc+Cat | I12: Dental | J12: /en/dentist/ruwi | K12: =ROUND((IF(E12="Transactional",5,IF(E12="Commercial",4,IF(E12="Comparison",3,IF(E12="Informational",2,3))))*LOG10(IF(ISNUMBER(L12),L12,IFERROR(VALUE(LEFT(F12,FIND("-",F12)-1)),100))+1))/IF(IF(ISBLANK(M12),G12,M12)="High",5,IF(IF(ISBLANK(M12),G12,M12)="Medium",3,1)),2) -> 6.45 | O12: Not Started | P12: long-tail با رقابت پایین
A13: 152 | B13: 2 | C13: AR | D13: طبيب أسنان روي | E13: Commercial | F13: 40-100 | G13: Low | H13: Loc+Cat | I13: Dental | J13: /ar/dentist/ruwi | K13: =ROUND((IF(E13="Transactional",5,IF(E13="Commercial",4,IF(E13="Comparison",3,IF(E13="Informational",2,3))))*LOG10(IF(ISNUMBER(L13),L13,IFERROR(VALUE(LEFT(F13,FIND("-",F13)-1)),100))+1))/IF(IF(ISBLANK(M13),G13,M13)="High",5,IF(IF(ISBLANK(M13),G13,M13)="Medium",3,1)),2) -> 6.45 | O13: Not Started
A14: 153 | B14: 2 | C14: EN | D14: Dentist Bawshar | E14: Commercial | F14: 40-100 | G14: Low | H14: Loc+Cat | I14: Dental | J14: /en/dentist/bawshar | K14: =ROUND((IF(E14="Transactional",5,IF(E14="Commercial",4,IF(E14="Comparison",3,IF(E14="Informational",2,3))))*LOG10(IF(ISNUMBER(L14),L14,IFERROR(VALUE(LEFT(F14,FIND("-",F14)-1)),100))+1))/IF(IF(ISBLANK(M14),G14,M14)="High",5,IF(IF(ISBLANK(M14),G14,M14)="Medium",3,1)),2) -> 6.45 | O14: Not Started | P14: long-tail با رقابت پایین
A15: 154 | B15: 2 | C15: AR | D15: طبيب أسنان بوشر | E15: Commercial | F15: 40-100 | G15: Low | H15: Loc+Cat | I15: Dental | J15: /ar/dentist/bawshar | K15: =ROUND((IF(E15="Transactional",5,IF(E15="Commercial",4,IF(E15="Comparison",3,IF(E15="Informational",2,3))))*LOG10(IF(ISNUMBER(L15),L15,IFERROR(VALUE(LEFT(F15,FIND("-",F15)-1)),100))+1))/IF(IF(ISBLANK(M15),G15,M15)="High",5,IF(IF(ISBLANK(M15),G15,M15)="Medium",3,1)),2) -> 6.45 | O15: Not Started
A16: 155 | B16: 2 | C16: EN | D16: Dentist Al Khoud | E16: Commercial | F16: 40-100 | G16: Low | H16: Loc+Cat | I16: Dental | J16: /en/dentist/al-khoud | K16: =ROUND((IF(E16="Transactional",5,IF(E16="Commercial",4,IF(E16="Comparison",3,IF(E16="Informational",2,3))))*LOG10(IF(ISNUMBER(L16),L16,IFERROR(VALUE(LEFT(F16,FIND("-",F16)-1)),100))+1))/IF(IF(ISBLANK(M16),G16,M16)="High",5,IF(IF(ISBLANK(M16),G16,M16)="Medium",3,1)),2) -> 6.45 | O16: Not Started | P16: long-tail با رقابت پایین
A17: 156 | B17: 2 | C17: AR | D17: طبيب أسنان الخوض | E17: Commercial | F17: 40-100 | G17: Low | H17: Loc+Cat | I17: Dental | J17: /ar/dentist/al-khoud | K17: =ROUND((IF(E17="Transactional",5,IF(E17="Commercial",4,IF(E17="Comparison",3,IF(E17="Informational",2,3))))*LOG10(IF(ISNUMBER(L17),L17,IFERROR(VALUE(LEFT(F17,FIND("-",F17)-1)),100))+1))/IF(IF(ISBLANK(M17),G17,M17)="High",5,IF(IF(ISBLANK(M17),G17,M17)="Medium",3,1)),2) -> 6.45 | O17: Not Started
A18: 157 | B18: 2 | C18: EN | D18: Dental Clinic Al Mouj | E18: Commercial | F18: 40-100 | G18: Low | H18: Loc+Cat | I18: Dental | J18: /en/dental-clinic/al-mouj | K18: =ROUND((IF(E18="Transactional",5,IF(E18="Commercial",4,IF(E18="Comparison",3,IF(E18="Informational",2,3))))*LOG10(IF(ISNUMBER(L18),L18,IFERROR(VALUE(LEFT(F18,FIND("-",F18)-1)),100))+1))/IF(IF(ISBLANK(M18),G18,M18)="High",5,IF(IF(ISBLANK(M18),G18,M18)="Medium",3,1)),2) -> 6.45 | O18: Not Started | P18: long-tail با رقابت پایین
A19: 158 | B19: 2 | C19: AR | D19: عيادة أسنان الموج | E19: Commercial | F19: 40-100 | G19: Low | H19: Loc+Cat | I19: Dental | J19: /ar/dental-clinic/al-mouj | K19: =ROUND((IF(E19="Transactional",5,IF(E19="Commercial",4,IF(E19="Comparison",3,IF(E19="Informational",2,3))))*LOG10(IF(ISNUMBER(L19),L19,IFERROR(VALUE(LEFT(F19,FIND("-",F19)-1)),100))+1))/IF(IF(ISBLANK(M19),G19,M19)="High",5,IF(IF(ISBLANK(M19),G19,M19)="Medium",3,1)),2) -> 6.45 | O19: Not Started
A20: 159 | B20: 2 | C20: EN | D20: Dental Clinic Al Qurum | E20: Commercial | F20: 40-100 | G20: Low | H20: Loc+Cat | I20: Dental | J20: /en/dental-clinic/al-qurum | K20: =ROUND((IF(E20="Transactional",5,IF(E20="Commercial",4,IF(E20="Comparison",3,IF(E20="Informational",2,3))))*LOG10(IF(ISNUMBER(L20),L20,IFERROR(VALUE(LEFT(F20,FIND("-",F20)-1)),100))+1))/IF(IF(ISBLANK(M20),G20,M20)="High",5,IF(IF(ISBLANK(M20),G20,M20)="Medium",3,1)),2) -> 6.45 | O20: Not Started | P20: long-tail با رقابت پایین
A21: 160 | B21: 2 | C21: AR | D21: عيادة أسنان القرم | E21: Commercial | F21: 40-100 | G21: Low | H21: Loc+Cat | I21: Dental | J21: /ar/dental-clinic/al-qurum | K21: =ROUND((IF(E21="Transactional",5,IF(E21="Commercial",4,IF(E21="Comparison",3,IF(E21="Informational",2,3))))*LOG10(IF(ISNUMBER(L21),L21,IFERROR(VALUE(LEFT(F21,FIND("-",F21)-1)),100))+1))/IF(IF(ISBLANK(M21),G21,M21)="High",5,IF(IF(ISBLANK(M21),G21,M21)="Medium",3,1)),2) -> 6.45 | O21: Not Started
A22: 161 | B22: 2 | C22: EN | D22: Dental Clinic Al Khuwair | E22: Commercial | F22: 40-100 | G22: Low | H22: Loc+Cat | I22: Dental | J22: /en/dental-clinic/al-khuwair | K22: =ROUND((IF(E22="Transactional",5,IF(E22="Commercial",4,IF(E22="Comparison",3,IF(E22="Informational",2,3))))*LOG10(IF(ISNUMBER(L22),L22,IFERROR(VALUE(LEFT(F22,FIND("-",F22)-1)),100))+1))/IF(IF(ISBLANK(M22),G22,M22)="High",5,IF(IF(ISBLANK(M22),G22,M22)="Medium",3,1)),2) -> 6.45 | O22: Not Started | P22: long-tail با رقابت پایین
A23: 162 | B23: 2 | C23: AR | D23: عيادة أسنان الخوير | E23: Commercial | F23: 40-100 | G23: Low | H23: Loc+Cat | I23: Dental | J23: /ar/dental-clinic/al-khuwair | K23: =ROUND((IF(E23="Transactional",5,IF(E23="Commercial",4,IF(E23="Comparison",3,IF(E23="Informational",2,3))))*LOG10(IF(ISNUMBER(L23),L23,IFERROR(VALUE(LEFT(F23,FIND("-",F23)-1)),100))+1))/IF(IF(ISBLANK(M23),G23,M23)="High",5,IF(IF(ISBLANK(M23),G23,M23)="Medium",3,1)),2) -> 6.45 | O23: Not Started
A24: 163 | B24: 2 | C24: EN | D24: Dental Clinic Madinat Sultan Qaboos | E24: Commercial | F24: 40-100 | G24: Low | H24: Loc+Cat | I24: Dental | J24: /en/dental-clinic/madinat-sultan-qaboos | K24: =ROUND((IF(E24="Transactional",5,IF(E24="Commercial",4,IF(E24="Comparison",3,IF(E24="Informational",2,3))))*LOG10(IF(ISNUMBER(L24),L24,IFERROR(VALUE(LEFT(F24,FIND("-",F24)-1)),100))+1))/IF(IF(ISBLANK(M24),G24,M24)="High",5,IF(IF(ISBLANK(M24),G24,M24)="Medium",3,1)),2) -> 6.45 | O24: Not Started | P24: long-tail با رقابت پایین
A25: 164 | B25: 2 | C25: AR | D25: عيادة أسنان مدينة السلطان قابوس | E25: Commercial | F25: 40-100 | G25: Low | H25: Loc+Cat | I25: Dental | J25: /ar/dental-clinic/madinat-sultan-qaboos | K25: =ROUND((IF(E25="Transactional",5,IF(E25="Commercial",4,IF(E25="Comparison",3,IF(E25="Informational",2,3))))*LOG10(IF(ISNUMBER(L25),L25,IFERROR(VALUE(LEFT(F25,FIND("-",F25)-1)),100))+1))/IF(IF(ISBLANK(M25),G25,M25)="High",5,IF(IF(ISBLANK(M25),G25,M25)="Medium",3,1)),2) -> 6.45 | O25: Not Started
A26: 165 | B26: 2 | C26: EN | D26: Dental Clinic Al Ghubra | E26: Commercial | F26: 40-100 | G26: Low | H26: Loc+Cat | I26: Dental | J26: /en/dental-clinic/al-ghubra | K26: =ROUND((IF(E26="Transactional",5,IF(E26="Commercial",4,IF(E26="Comparison",3,IF(E26="Informational",2,3))))*LOG10(IF(ISNUMBER(L26),L26,IFERROR(VALUE(LEFT(F26,FIND("-",F26)-1)),100))+1))/IF(IF(ISBLANK(M26),G26,M26)="High",5,IF(IF(ISBLANK(M26),G26,M26)="Medium",3,1)),2) -> 6.45 | O26: Not Started | P26: long-tail با رقابت پایین
A27: 166 | B27: 2 | C27: AR | D27: عيادة أسنان الغبرة | E27: Commercial | F27: 40-100 | G27: Low | H27: Loc+Cat | I27: Dental | J27: /ar/dental-clinic/al-ghubra | K27: =ROUND((IF(E27="Transactional",5,IF(E27="Commercial",4,IF(E27="Comparison",3,IF(E27="Informational",2,3))))*LOG10(IF(ISNUMBER(L27),L27,IFERROR(VALUE(LEFT(F27,FIND("-",F27)-1)),100))+1))/IF(IF(ISBLANK(M27),G27,M27)="High",5,IF(IF(ISBLANK(M27),G27,M27)="Medium",3,1)),2) -> 6.45 | O27: Not Started
A28: 167 | B28: 2 | C28: EN | D28: Dental Clinic Ruwi | E28: Commercial | F28: 40-100 | G28: Low | H28: Loc+Cat | I28: Dental | J28: /en/dental-clinic/ruwi | K28: =ROUND((IF(E28="Transactional",5,IF(E28="Commercial",4,IF(E28="Comparison",3,IF(E28="Informational",2,3))))*LOG10(IF(ISNUMBER(L28),L28,IFERROR(VALUE(LEFT(F28,FIND("-",F28)-1)),100))+1))/IF(IF(ISBLANK(M28),G28,M28)="High",5,IF(IF(ISBLANK(M28),G28,M28)="Medium",3,1)),2) -> 6.45 | O28: Not Started | P28: long-tail با رقابت پایین
A29: 168 | B29: 2 | C29: AR | D29: عيادة أسنان روي | E29: Commercial | F29: 40-100 | G29: Low | H29: Loc+Cat | I29: Dental | J29: /ar/dental-clinic/ruwi | K29: =ROUND((IF(E29="Transactional",5,IF(E29="Commercial",4,IF(E29="Comparison",3,IF(E29="Informational",2,3))))*LOG10(IF(ISNUMBER(L29),L29,IFERROR(VALUE(LEFT(F29,FIND("-",F29)-1)),100))+1))/IF(IF(ISBLANK(M29),G29,M29)="High",5,IF(IF(ISBLANK(M29),G29,M29)="Medium",3,1)),2) -> 6.45 | O29: Not Started
A30: 169 | B30: 2 | C30: EN | D30: Dental Clinic Bawshar | E30: Commercial | F30: 40-100 | G30: Low | H30: Loc+Cat | I30: Dental | J30: /en/dental-clinic/bawshar | K30: =ROUND((IF(E30="Transactional",5,IF(E30="Commercial",4,IF(E30="Comparison",3,IF(E30="Informational",2,3))))*LOG10(IF(ISNUMBER(L30),L30,IFERROR(VALUE(LEFT(F30,FIND("-",F30)-1)),100))+1))/IF(IF(ISBLANK(M30),G30,M30)="High",5,IF(IF(ISBLANK(M30),G30,M30)="Medium",3,1)),2) -> 6.45 | O30: Not Started | P30: long-tail با رقابت پایین
A31: 170 | B31: 2 | C31: AR | D31: عيادة أسنان بوشر | E31: Commercial | F31: 40-100 | G31: Low | H31: Loc+Cat | I31: Dental | J31: /ar/dental-clinic/bawshar | K31: =ROUND((IF(E31="Transactional",5,IF(E31="Commercial",4,IF(E31="Comparison",3,IF(E31="Informational",2,3))))*LOG10(IF(ISNUMBER(L31),L31,IFERROR(VALUE(LEFT(F31,FIND("-",F31)-1)),100))+1))/IF(IF(ISBLANK(M31),G31,M31)="High",5,IF(IF(ISBLANK(M31),G31,M31)="Medium",3,1)),2) -> 6.45 | O31: Not Started
A32: 171 | B32: 2 | C32: EN | D32: Dental Clinic Al Khoud | E32: Commercial | F32: 40-100 | G32: Low | H32: Loc+Cat | I32: Dental | J32: /en/dental-clinic/al-khoud | K32: =ROUND((IF(E32="Transactional",5,IF(E32="Commercial",4,IF(E32="Comparison",3,IF(E32="Informational",2,3))))*LOG10(IF(ISNUMBER(L32),L32,IFERROR(VALUE(LEFT(F32,FIND("-",F32)-1)),100))+1))/IF(IF(ISBLANK(M32),G32,M32)="High",5,IF(IF(ISBLANK(M32),G32,M32)="Medium",3,1)),2) -> 6.45 | O32: Not Started | P32: long-tail با رقابت پایین
A33: 172 | B33: 2 | C33: AR | D33: عيادة أسنان الخوض | E33: Commercial | F33: 40-100 | G33: Low | H33: Loc+Cat | I33: Dental | J33: /ar/dental-clinic/al-khoud | K33: =ROUND((IF(E33="Transactional",5,IF(E33="Commercial",4,IF(E33="Comparison",3,IF(E33="Informational",2,3))))*LOG10(IF(ISNUMBER(L33),L33,IFERROR(VALUE(LEFT(F33,FIND("-",F33)-1)),100))+1))/IF(IF(ISBLANK(M33),G33,M33)="High",5,IF(IF(ISBLANK(M33),G33,M33)="Medium",3,1)),2) -> 6.45 | O33: Not Started
A34: 173 | B34: 2 | C34: EN | D34: Orthodontist Al Mouj | E34: Commercial | F34: 30-80 | G34: Low | H34: Loc+Cat | I34: Dental | J34: /en/orthodontist/al-mouj | K34: =ROUND((IF(E34="Transactional",5,IF(E34="Commercial",4,IF(E34="Comparison",3,IF(E34="Informational",2,3))))*LOG10(IF(ISNUMBER(L34),L34,IFERROR(VALUE(LEFT(F34,FIND("-",F34)-1)),100))+1))/IF(IF(ISBLANK(M34),G34,M34)="High",5,IF(IF(ISBLANK(M34),G34,M34)="Medium",3,1)),2) -> 5.97 | O34: Not Started | P34: long-tail با رقابت پایین
A35: 174 | B35: 2 | C35: AR | D35: تقويم الأسنان الموج | E35: Commercial | F35: 30-80 | G35: Low | H35: Loc+Cat | I35: Dental | J35: /ar/orthodontist/al-mouj | K35: =ROUND((IF(E35="Transactional",5,IF(E35="Commercial",4,IF(E35="Comparison",3,IF(E35="Informational",2,3))))*LOG10(IF(ISNUMBER(L35),L35,IFERROR(VALUE(LEFT(F35,FIND("-",F35)-1)),100))+1))/IF(IF(ISBLANK(M35),G35,M35)="High",5,IF(IF(ISBLANK(M35),G35,M35)="Medium",3,1)),2) -> 5.97 | O35: Not Started
A36: 175 | B36: 2 | C36: EN | D36: Orthodontist Al Qurum | E36: Commercial | F36: 30-80 | G36: Low | H36: Loc+Cat | I36: Dental | J36: /en/orthodontist/al-qurum | K36: =ROUND((IF(E36="Transactional",5,IF(E36="Commercial",4,IF(E36="Comparison",3,IF(E36="Informational",2,3))))*LOG10(IF(ISNUMBER(L36),L36,IFERROR(VALUE(LEFT(F36,FIND("-",F36)-1)),100))+1))/IF(IF(ISBLANK(M36),G36,M36)="High",5,IF(IF(ISBLANK(M36),G36,M36)="Medium",3,1)),2) -> 5.97 | O36: Not Started | P36: long-tail با رقابت پایین
A37: 176 | B37: 2 | C37: AR | D37: تقويم الأسنان القرم | E37: Commercial | F37: 30-80 | G37: Low | H37: Loc+Cat | I37: Dental | J37: /ar/orthodontist/al-qurum | K37: =ROUND((IF(E37="Transactional",5,IF(E37="Commercial",4,IF(E37="Comparison",3,IF(E37="Informational",2,3))))*LOG10(IF(ISNUMBER(L37),L37,IFERROR(VALUE(LEFT(F37,FIND("-",F37)-1)),100))+1))/IF(IF(ISBLANK(M37),G37,M37)="High",5,IF(IF(ISBLANK(M37),G37,M37)="Medium",3,1)),2) -> 5.97 | O37: Not Started
A38: 177 | B38: 2 | C38: EN | D38: Orthodontist Al Khuwair | E38: Commercial | F38: 30-80 | G38: Low | H38: Loc+Cat | I38: Dental | J38: /en/orthodontist/al-khuwair | K38: =ROUND((IF(E38="Transactional",5,IF(E38="Commercial",4,IF(E38="Comparison",3,IF(E38="Informational",2,3))))*LOG10(IF(ISNUMBER(L38),L38,IFERROR(VALUE(LEFT(F38,FIND("-",F38)-1)),100))+1))/IF(IF(ISBLANK(M38),G38,M38)="High",5,IF(IF(ISBLANK(M38),G38,M38)="Medium",3,1)),2) -> 5.97 | O38: Not Started | P38: long-tail با رقابت پایین
A39: 178 | B39: 2 | C39: AR | D39: تقويم الأسنان الخوير | E39: Commercial | F39: 30-80 | G39: Low | H39: Loc+Cat | I39: Dental | J39: /ar/orthodontist/al-khuwair | K39: =ROUND((IF(E39="Transactional",5,IF(E39="Commercial",4,IF(E39="Comparison",3,IF(E39="Informational",2,3))))*LOG10(IF(ISNUMBER(L39),L39,IFERROR(VALUE(LEFT(F39,FIND("-",F39)-1)),100))+1))/IF(IF(ISBLANK(M39),G39,M39)="High",5,IF(IF(ISBLANK(M39),G39,M39)="Medium",3,1)),2) -> 5.97 | O39: Not Started
A40: 179 | B40: 2 | C40: EN | D40: Orthodontist Madinat Sultan Qaboos | E40: Commercial | F40: 30-80 | G40: Low | H40: Loc+Cat | I40: Dental | J40: /en/orthodontist/madinat-sultan-qaboos | K40: =ROUND((IF(E40="Transactional",5,IF(E40="Commercial",4,IF(E40="Comparison",3,IF(E40="Informational",2,3))))*LOG10(IF(ISNUMBER(L40),L40,IFERROR(VALUE(LEFT(F40,FIND("-",F40)-1)),100))+1))/IF(IF(ISBLANK(M40),G40,M40)="High",5,IF(IF(ISBLANK(M40),G40,M40)="Medium",3,1)),2) -> 5.97 | O40: Not Started | P40: long-tail با رقابت پایین
A41: 180 | B41: 2 | C41: AR | D41: تقويم الأسنان مدينة السلطان قابوس | E41: Commercial | F41: 30-80 | G41: Low | H41: Loc+Cat | I41: Dental | J41: /ar/orthodontist/madinat-sultan-qaboos | K41: =ROUND((IF(E41="Transactional",5,IF(E41="Commercial",4,IF(E41="Comparison",3,IF(E41="Informational",2,3))))*LOG10(IF(ISNUMBER(L41),L41,IFERROR(VALUE(LEFT(F41,FIND("-",F41)-1)),100))+1))/IF(IF(ISBLANK(M41),G41,M41)="High",5,IF(IF(ISBLANK(M41),G41,M41)="Medium",3,1)),2) -> 5.97 | O41: Not Started
A42: 181 | B42: 2 | C42: EN | D42: Orthodontist Al Ghubra | E42: Commercial | F42: 30-80 | G42: Low | H42: Loc+Cat | I42: Dental | J42: /en/orthodontist/al-ghubra | K42: =ROUND((IF(E42="Transactional",5,IF(E42="Commercial",4,IF(E42="Comparison",3,IF(E42="Informational",2,3))))*LOG10(IF(ISNUMBER(L42),L42,IFERROR(VALUE(LEFT(F42,FIND("-",F42)-1)),100))+1))/IF(IF(ISBLANK(M42),G42,M42)="High",5,IF(IF(ISBLANK(M42),G42,M42)="Medium",3,1)),2) -> 5.97 | O42: Not Started | P42: long-tail با رقابت پایین
A43: 182 | B43: 2 | C43: AR | D43: تقويم الأسنان الغبرة | E43: Commercial | F43: 30-80 | G43: Low | H43: Loc+Cat | I43: Dental | J43: /ar/orthodontist/al-ghubra | K43: =ROUND((IF(E43="Transactional",5,IF(E43="Commercial",4,IF(E43="Comparison",3,IF(E43="Informational",2,3))))*LOG10(IF(ISNUMBER(L43),L43,IFERROR(VALUE(LEFT(F43,FIND("-",F43)-1)),100))+1))/IF(IF(ISBLANK(M43),G43,M43)="High",5,IF(IF(ISBLANK(M43),G43,M43)="Medium",3,1)),2) -> 5.97 | O43: Not Started
A44: 183 | B44: 2 | C44: EN | D44: Orthodontist Ruwi | E44: Commercial | F44: 30-80 | G44: Low | H44: Loc+Cat | I44: Dental | J44: /en/orthodontist/ruwi | K44: =ROUND((IF(E44="Transactional",5,IF(E44="Commercial",4,IF(E44="Comparison",3,IF(E44="Informational",2,3))))*LOG10(IF(ISNUMBER(L44),L44,IFERROR(VALUE(LEFT(F44,FIND("-",F44)-1)),100))+1))/IF(IF(ISBLANK(M44),G44,M44)="High",5,IF(IF(ISBLANK(M44),G44,M44)="Medium",3,1)),2) -> 5.97 | O44: Not Started | P44: long-tail با رقابت پایین
A45: 184 | B45: 2 | C45: AR | D45: تقويم الأسنان روي | E45: Commercial | F45: 30-80 | G45: Low | H45: Loc+Cat | I45: Dental | J45: /ar/orthodontist/ruwi | K45: =ROUND((IF(E45="Transactional",5,IF(E45="Commercial",4,IF(E45="Comparison",3,IF(E45="Informational",2,3))))*LOG10(IF(ISNUMBER(L45),L45,IFERROR(VALUE(LEFT(F45,FIND("-",F45)-1)),100))+1))/IF(IF(ISBLANK(M45),G45,M45)="High",5,IF(IF(ISBLANK(M45),G45,M45)="Medium",3,1)),2) -> 5.97 | O45: Not Started
A46: 185 | B46: 2 | C46: EN | D46: Orthodontist Bawshar | E46: Commercial | F46: 30-80 | G46: Low | H46: Loc+Cat | I46: Dental | J46: /en/orthodontist/bawshar | K46: =ROUND((IF(E46="Transactional",5,IF(E46="Commercial",4,IF(E46="Comparison",3,IF(E46="Informational",2,3))))*LOG10(IF(ISNUMBER(L46),L46,IFERROR(VALUE(LEFT(F46,FIND("-",F46)-1)),100))+1))/IF(IF(ISBLANK(M46),G46,M46)="High",5,IF(IF(ISBLANK(M46),G46,M46)="Medium",3,1)),2) -> 5.97 | O46: Not Started | P46: long-tail با رقابت پایین
A47: 186 | B47: 2 | C47: AR | D47: تقويم الأسنان بوشر | E47: Commercial | F47: 30-80 | G47: Low | H47: Loc+Cat | I47: Dental | J47: /ar/orthodontist/bawshar | K47: =ROUND((IF(E47="Transactional",5,IF(E47="Commercial",4,IF(E47="Comparison",3,IF(E47="Informational",2,3))))*LOG10(IF(ISNUMBER(L47),L47,IFERROR(VALUE(LEFT(F47,FIND("-",F47)-1)),100))+1))/IF(IF(ISBLANK(M47),G47,M47)="High",5,IF(IF(ISBLANK(M47),G47,M47)="Medium",3,1)),2) -> 5.97 | O47: Not Started
A48: 187 | B48: 2 | C48: EN | D48: Orthodontist Al Khoud | E48: Commercial | F48: 30-80 | G48: Low | H48: Loc+Cat | I48: Dental | J48: /en/orthodontist/al-khoud | K48: =ROUND((IF(E48="Transactional",5,IF(E48="Commercial",4,IF(E48="Comparison",3,IF(E48="Informational",2,3))))*LOG10(IF(ISNUMBER(L48),L48,IFERROR(VALUE(LEFT(F48,FIND("-",F48)-1)),100))+1))/IF(IF(ISBLANK(M48),G48,M48)="High",5,IF(IF(ISBLANK(M48),G48,M48)="Medium",3,1)),2) -> 5.97 | O48: Not Started | P48: long-tail با رقابت پایین
A49: 188 | B49: 2 | C49: AR | D49: تقويم الأسنان الخوض | E49: Commercial | F49: 30-80 | G49: Low | H49: Loc+Cat | I49: Dental | J49: /ar/orthodontist/al-khoud | K49: =ROUND((IF(E49="Transactional",5,IF(E49="Commercial",4,IF(E49="Comparison",3,IF(E49="Informational",2,3))))*LOG10(IF(ISNUMBER(L49),L49,IFERROR(VALUE(LEFT(F49,FIND("-",F49)-1)),100))+1))/IF(IF(ISBLANK(M49),G49,M49)="High",5,IF(IF(ISBLANK(M49),G49,M49)="Medium",3,1)),2) -> 5.97 | O49: Not Started
A50: 189 | B50: 2 | C50: EN | D50: Cosmetic Dentist Al Mouj | E50: Commercial | F50: 30-80 | G50: Low | H50: Loc+Cat | I50: Dental | J50: /en/cosmetic-dentist/al-mouj | K50: =ROUND((IF(E50="Transactional",5,IF(E50="Commercial",4,IF(E50="Comparison",3,IF(E50="Informational",2,3))))*LOG10(IF(ISNUMBER(L50),L50,IFERROR(VALUE(LEFT(F50,FIND("-",F50)-1)),100))+1))/IF(IF(ISBLANK(M50),G50,M50)="High",5,IF(IF(ISBLANK(M50),G50,M50)="Medium",3,1)),2) -> 5.97 | O50: Not Started | P50: long-tail با رقابت پایین
A51: 190 | B51: 2 | C51: AR | D51: تجميل الأسنان الموج | E51: Commercial | F51: 30-80 | G51: Low | H51: Loc+Cat | I51: Dental | J51: /ar/cosmetic-dentist/al-mouj | K51: =ROUND((IF(E51="Transactional",5,IF(E51="Commercial",4,IF(E51="Comparison",3,IF(E51="Informational",2,3))))*LOG10(IF(ISNUMBER(L51),L51,IFERROR(VALUE(LEFT(F51,FIND("-",F51)-1)),100))+1))/IF(IF(ISBLANK(M51),G51,M51)="High",5,IF(IF(ISBLANK(M51),G51,M51)="Medium",3,1)),2) -> 5.97 | O51: Not Started
A52: 191 | B52: 2 | C52: EN | D52: Cosmetic Dentist Al Qurum | E52: Commercial | F52: 30-80 | G52: Low | H52: Loc+Cat | I52: Dental | J52: /en/cosmetic-dentist/al-qurum | K52: =ROUND((IF(E52="Transactional",5,IF(E52="Commercial",4,IF(E52="Comparison",3,IF(E52="Informational",2,3))))*LOG10(IF(ISNUMBER(L52),L52,IFERROR(VALUE(LEFT(F52,FIND("-",F52)-1)),100))+1))/IF(IF(ISBLANK(M52),G52,M52)="High",5,IF(IF(ISBLANK(M52),G52,M52)="Medium",3,1)),2) -> 5.97 | O52: Not Started | P52: long-tail با رقابت پایین
A53: 192 | B53: 2 | C53: AR | D53: تجميل الأسنان القرم | E53: Commercial | F53: 30-80 | G53: Low | H53: Loc+Cat | I53: Dental | J53: /ar/cosmetic-dentist/al-qurum | K53: =ROUND((IF(E53="Transactional",5,IF(E53="Commercial",4,IF(E53="Comparison",3,IF(E53="Informational",2,3))))*LOG10(IF(ISNUMBER(L53),L53,IFERROR(VALUE(LEFT(F53,FIND("-",F53)-1)),100))+1))/IF(IF(ISBLANK(M53),G53,M53)="High",5,IF(IF(ISBLANK(M53),G53,M53)="Medium",3,1)),2) -> 5.97 | O53: Not Started
A54: 193 | B54: 2 | C54: EN | D54: Cosmetic Dentist Al Khuwair | E54: Commercial | F54: 30-80 | G54: Low | H54: Loc+Cat | I54: Dental | J54: /en/cosmetic-dentist/al-khuwair | K54: =ROUND((IF(E54="Transactional",5,IF(E54="Commercial",4,IF(E54="Comparison",3,IF(E54="Informational",2,3))))*LOG10(IF(ISNUMBER(L54),L54,IFERROR(VALUE(LEFT(F54,FIND("-",F54)-1)),100))+1))/IF(IF(ISBLANK(M54),G54,M54)="High",5,IF(IF(ISBLANK(M54),G54,M54)="Medium",3,1)),2) -> 5.97 | O54: Not Started | P54: long-tail با رقابت پایین
A55: 194 | B55: 2 | C55: AR | D55: تجميل الأسنان الخوير | E55: Commercial | F55: 30-80 | G55: Low | H55: Loc+Cat | I55: Dental | J55: /ar/cosmetic-dentist/al-khuwair | K55: =ROUND((IF(E55="Transactional",5,IF(E55="Commercial",4,IF(E55="Comparison",3,IF(E55="Informational",2,3))))*LOG10(IF(ISNUMBER(L55),L55,IFERROR(VALUE(LEFT(F55,FIND("-",F55)-1)),100))+1))/IF(IF(ISBLANK(M55),G55,M55)="High",5,IF(IF(ISBLANK(M55),G55,M55)="Medium",3,1)),2) -> 5.97 | O55: Not Started
A56: 195 | B56: 2 | C56: EN | D56: Cosmetic Dentist Madinat Sultan Qaboos | E56: Commercial | F56: 30-80 | G56: Low | H56: Loc+Cat | I56: Dental | J56: /en/cosmetic-dentist/madinat-sultan-qaboos | K56: =ROUND((IF(E56="Transactional",5,IF(E56="Commercial",4,IF(E56="Comparison",3,IF(E56="Informational",2,3))))*LOG10(IF(ISNUMBER(L56),L56,IFERROR(VALUE(LEFT(F56,FIND("-",F56)-1)),100))+1))/IF(IF(ISBLANK(M56),G56,M56)="High",5,IF(IF(ISBLANK(M56),G56,M56)="Medium",3,1)),2) -> 5.97 | O56: Not Started | P56: long-tail با رقابت پایین
A57: 196 | B57: 2 | C57: AR | D57: تجميل الأسنان مدينة السلطان قابوس | E57: Commercial | F57: 30-80 | G57: Low | H57: Loc+Cat | I57: Dental | J57: /ar/cosmetic-dentist/madinat-sultan-qaboos | K57: =ROUND((IF(E57="Transactional",5,IF(E57="Commercial",4,IF(E57="Comparison",3,IF(E57="Informational",2,3))))*LOG10(IF(ISNUMBER(L57),L57,IFERROR(VALUE(LEFT(F57,FIND("-",F57)-1)),100))+1))/IF(IF(ISBLANK(M57),G57,M57)="High",5,IF(IF(ISBLANK(M57),G57,M57)="Medium",3,1)),2) -> 5.97 | O57: Not Started
A58: 197 | B58: 2 | C58: EN | D58: Cosmetic Dentist Al Ghubra | E58: Commercial | F58: 30-80 | G58: Low | H58: Loc+Cat | I58: Dental | J58: /en/cosmetic-dentist/al-ghubra | K58: =ROUND((IF(E58="Transactional",5,IF(E58="Commercial",4,IF(E58="Comparison",3,IF(E58="Informational",2,3))))*LOG10(IF(ISNUMBER(L58),L58,IFERROR(VALUE(LEFT(F58,FIND("-",F58)-1)),100))+1))/IF(IF(ISBLANK(M58),G58,M58)="High",5,IF(IF(ISBLANK(M58),G58,M58)="Medium",3,1)),2) -> 5.97 | O58: Not Started | P58: long-tail با رقابت پایین
A59: 198 | B59: 2 | C59: AR | D59: تجميل الأسنان الغبرة | E59: Commercial | F59: 30-80 | G59: Low | H59: Loc+Cat | I59: Dental | J59: /ar/cosmetic-dentist/al-ghubra | K59: =ROUND((IF(E59="Transactional",5,IF(E59="Commercial",4,IF(E59="Comparison",3,IF(E59="Informational",2,3))))*LOG10(IF(ISNUMBER(L59),L59,IFERROR(VALUE(LEFT(F59,FIND("-",F59)-1)),100))+1))/IF(IF(ISBLANK(M59),G59,M59)="High",5,IF(IF(ISBLANK(M59),G59,M59)="Medium",3,1)),2) -> 5.97 | O59: Not Started
A60: 199 | B60: 2 | C60: EN | D60: Cosmetic Dentist Ruwi | E60: Commercial | F60: 30-80 | G60: Low | H60: Loc+Cat | I60: Dental | J60: /en/cosmetic-dentist/ruwi | K60: =ROUND((IF(E60="Transactional",5,IF(E60="Commercial",4,IF(E60="Comparison",3,IF(E60="Informational",2,3))))*LOG10(IF(ISNUMBER(L60),L60,IFERROR(VALUE(LEFT(F60,FIND("-",F60)-1)),100))+1))/IF(IF(ISBLANK(M60),G60,M60)="High",5,IF(IF(ISBLANK(M60),G60,M60)="Medium",3,1)),2) -> 5.97 | O60: Not Started | P60: long-tail با رقابت پایین
A61: 200 | B61: 2 | C61: AR | D61: تجميل الأسنان روي | E61: Commercial | F61: 30-80 | G61: Low | H61: Loc+Cat | I61: Dental | J61: /ar/cosmetic-dentist/ruwi | K61: =ROUND((IF(E61="Transactional",5,IF(E61="Commercial",4,IF(E61="Comparison",3,IF(E61="Informational",2,3))))*LOG10(IF(ISNUMBER(L61),L61,IFERROR(VALUE(LEFT(F61,FIND("-",F61)-1)),100))+1))/IF(IF(ISBLANK(M61),G61,M61)="High",5,IF(IF(ISBLANK(M61),G61,M61)="Medium",3,1)),2) -> 5.97 | O61: Not Started
A62: 201 | B62: 2 | C62: EN | D62: Cosmetic Dentist Bawshar | E62: Commercial | F62: 30-80 | G62: Low | H62: Loc+Cat | I62: Dental | J62: /en/cosmetic-dentist/bawshar | K62: =ROUND((IF(E62="Transactional",5,IF(E62="Commercial",4,IF(E62="Comparison",3,IF(E62="Informational",2,3))))*LOG10(IF(ISNUMBER(L62),L62,IFERROR(VALUE(LEFT(F62,FIND("-",F62)-1)),100))+1))/IF(IF(ISBLANK(M62),G62,M62)="High",5,IF(IF(ISBLANK(M62),G62,M62)="Medium",3,1)),2) -> 5.97 | O62: Not Started | P62: long-tail با رقابت پایین
A63: 202 | B63: 2 | C63: AR | D63: تجميل الأسنان بوشر | E63: Commercial | F63: 30-80 | G63: Low | H63: Loc+Cat | I63: Dental | J63: /ar/cosmetic-dentist/bawshar | K63: =ROUND((IF(E63="Transactional",5,IF(E63="Commercial",4,IF(E63="Comparison",3,IF(E63="Informational",2,3))))*LOG10(IF(ISNUMBER(L63),L63,IFERROR(VALUE(LEFT(F63,FIND("-",F63)-1)),100))+1))/IF(IF(ISBLANK(M63),G63,M63)="High",5,IF(IF(ISBLANK(M63),G63,M63)="Medium",3,1)),2) -> 5.97 | O63: Not Started
A64: 203 | B64: 2 | C64: EN | D64: Cosmetic Dentist Al Khoud | E64: Commercial | F64: 30-80 | G64: Low | H64: Loc+Cat | I64: Dental | J64: /en/cosmetic-dentist/al-khoud | K64: =ROUND((IF(E64="Transactional",5,IF(E64="Commercial",4,IF(E64="Comparison",3,IF(E64="Informational",2,3))))*LOG10(IF(ISNUMBER(L64),L64,IFERROR(VALUE(LEFT(F64,FIND("-",F64)-1)),100))+1))/IF(IF(ISBLANK(M64),G64,M64)="High",5,IF(IF(ISBLANK(M64),G64,M64)="Medium",3,1)),2) -> 5.97 | O64: Not Started | P64: long-tail با رقابت پایین
A65: 204 | B65: 2 | C65: AR | D65: تجميل الأسنان الخوض | E65: Commercial | F65: 30-80 | G65: Low | H65: Loc+Cat | I65: Dental | J65: /ar/cosmetic-dentist/al-khoud | K65: =ROUND((IF(E65="Transactional",5,IF(E65="Commercial",4,IF(E65="Comparison",3,IF(E65="Informational",2,3))))*LOG10(IF(ISNUMBER(L65),L65,IFERROR(VALUE(LEFT(F65,FIND("-",F65)-1)),100))+1))/IF(IF(ISBLANK(M65),G65,M65)="High",5,IF(IF(ISBLANK(M65),G65,M65)="Medium",3,1)),2) -> 5.97 | O65: Not Started
A66: 205 | B66: 2 | C66: EN | D66: Pediatric Dentist Al Mouj | E66: Commercial | F66: 30-80 | G66: Low | H66: Loc+Cat | I66: Dental | J66: /en/pediatric-dentist/al-mouj | K66: =ROUND((IF(E66="Transactional",5,IF(E66="Commercial",4,IF(E66="Comparison",3,IF(E66="Informational",2,3))))*LOG10(IF(ISNUMBER(L66),L66,IFERROR(VALUE(LEFT(F66,FIND("-",F66)-1)),100))+1))/IF(IF(ISBLANK(M66),G66,M66)="High",5,IF(IF(ISBLANK(M66),G66,M66)="Medium",3,1)),2) -> 5.97 | O66: Not Started | P66: long-tail با رقابت پایین
A67: 206 | B67: 2 | C67: AR | D67: طبيب أسنان أطفال الموج | E67: Commercial | F67: 30-80 | G67: Low | H67: Loc+Cat | I67: Dental | J67: /ar/pediatric-dentist/al-mouj | K67: =ROUND((IF(E67="Transactional",5,IF(E67="Commercial",4,IF(E67="Comparison",3,IF(E67="Informational",2,3))))*LOG10(IF(ISNUMBER(L67),L67,IFERROR(VALUE(LEFT(F67,FIND("-",F67)-1)),100))+1))/IF(IF(ISBLANK(M67),G67,M67)="High",5,IF(IF(ISBLANK(M67),G67,M67)="Medium",3,1)),2) -> 5.97 | O67: Not Started
A68: 207 | B68: 2 | C68: EN | D68: Pediatric Dentist Al Qurum | E68: Commercial | F68: 30-80 | G68: Low | H68: Loc+Cat | I68: Dental | J68: /en/pediatric-dentist/al-qurum | K68: =ROUND((IF(E68="Transactional",5,IF(E68="Commercial",4,IF(E68="Comparison",3,IF(E68="Informational",2,3))))*LOG10(IF(ISNUMBER(L68),L68,IFERROR(VALUE(LEFT(F68,FIND("-",F68)-1)),100))+1))/IF(IF(ISBLANK(M68),G68,M68)="High",5,IF(IF(ISBLANK(M68),G68,M68)="Medium",3,1)),2) -> 5.97 | O68: Not Started | P68: long-tail با رقابت پایین
A69: 208 | B69: 2 | C69: AR | D69: طبيب أسنان أطفال القرم | E69: Commercial | F69: 30-80 | G69: Low | H69: Loc+Cat | I69: Dental | J69: /ar/pediatric-dentist/al-qurum | K69: =ROUND((IF(E69="Transactional",5,IF(E69="Commercial",4,IF(E69="Comparison",3,IF(E69="Informational",2,3))))*LOG10(IF(ISNUMBER(L69),L69,IFERROR(VALUE(LEFT(F69,FIND("-",F69)-1)),100))+1))/IF(IF(ISBLANK(M69),G69,M69)="High",5,IF(IF(ISBLANK(M69),G69,M69)="Medium",3,1)),2) -> 5.97 | O69: Not Started
A70: 209 | B70: 2 | C70: EN | D70: Pediatric Dentist Al Khuwair | E70: Commercial | F70: 30-80 | G70: Low | H70: Loc+Cat | I70: Dental | J70: /en/pediatric-dentist/al-khuwair | K70: =ROUND((IF(E70="Transactional",5,IF(E70="Commercial",4,IF(E70="Comparison",3,IF(E70="Informational",2,3))))*LOG10(IF(ISNUMBER(L70),L70,IFERROR(VALUE(LEFT(F70,FIND("-",F70)-1)),100))+1))/IF(IF(ISBLANK(M70),G70,M70)="High",5,IF(IF(ISBLANK(M70),G70,M70)="Medium",3,1)),2) -> 5.97 | O70: Not Started | P70: long-tail با رقابت پایین
A71: 210 | B71: 2 | C71: AR | D71: طبيب أسنان أطفال الخوير | E71: Commercial | F71: 30-80 | G71: Low | H71: Loc+Cat | I71: Dental | J71: /ar/pediatric-dentist/al-khuwair | K71: =ROUND((IF(E71="Transactional",5,IF(E71="Commercial",4,IF(E71="Comparison",3,IF(E71="Informational",2,3))))*LOG10(IF(ISNUMBER(L71),L71,IFERROR(VALUE(LEFT(F71,FIND("-",F71)-1)),100))+1))/IF(IF(ISBLANK(M71),G71,M71)="High",5,IF(IF(ISBLANK(M71),G71,M71)="Medium",3,1)),2) -> 5.97 | O71: Not Started
A72: 211 | B72: 2 | C72: EN | D72: Pediatric Dentist Madinat Sultan Qaboos | E72: Commercial | F72: 30-80 | G72: Low | H72: Loc+Cat | I72: Dental | J72: /en/pediatric-dentist/madinat-sultan-qaboos | K72: =ROUND((IF(E72="Transactional",5,IF(E72="Commercial",4,IF(E72="Comparison",3,IF(E72="Informational",2,3))))*LOG10(IF(ISNUMBER(L72),L72,IFERROR(VALUE(LEFT(F72,FIND("-",F72)-1)),100))+1))/IF(IF(ISBLANK(M72),G72,M72)="High",5,IF(IF(ISBLANK(M72),G72,M72)="Medium",3,1)),2) -> 5.97 | O72: Not Started | P72: long-tail با رقابت پایین
A73: 212 | B73: 2 | C73: AR | D73: طبيب أسنان أطفال مدينة السلطان قابوس | E73: Commercial | F73: 30-80 | G73: Low | H73: Loc+Cat | I73: Dental | J73: /ar/pediatric-dentist/madinat-sultan-qaboos | K73: =ROUND((IF(E73="Transactional",5,IF(E73="Commercial",4,IF(E73="Comparison",3,IF(E73="Informational",2,3))))*LOG10(IF(ISNUMBER(L73),L73,IFERROR(VALUE(LEFT(F73,FIND("-",F73)-1)),100))+1))/IF(IF(ISBLANK(M73),G73,M73)="High",5,IF(IF(ISBLANK(M73),G73,M73)="Medium",3,1)),2) -> 5.97 | O73: Not Started
A74: 213 | B74: 2 | C74: EN | D74: Pediatric Dentist Al Ghubra | E74: Commercial | F74: 30-80 | G74: Low | H74: Loc+Cat | I74: Dental | J74: /en/pediatric-dentist/al-ghubra | K74: =ROUND((IF(E74="Transactional",5,IF(E74="Commercial",4,IF(E74="Comparison",3,IF(E74="Informational",2,3))))*LOG10(IF(ISNUMBER(L74),L74,IFERROR(VALUE(LEFT(F74,FIND("-",F74)-1)),100))+1))/IF(IF(ISBLANK(M74),G74,M74)="High",5,IF(IF(ISBLANK(M74),G74,M74)="Medium",3,1)),2) -> 5.97 | O74: Not Started | P74: long-tail با رقابت پایین
A75: 214 | B75: 2 | C75: AR | D75: طبيب أسنان أطفال الغبرة | E75: Commercial | F75: 30-80 | G75: Low | H75: Loc+Cat | I75: Dental | J75: /ar/pediatric-dentist/al-ghubra | K75: =ROUND((IF(E75="Transactional",5,IF(E75="Commercial",4,IF(E75="Comparison",3,IF(E75="Informational",2,3))))*LOG10(IF(ISNUMBER(L75),L75,IFERROR(VALUE(LEFT(F75,FIND("-",F75)-1)),100))+1))/IF(IF(ISBLANK(M75),G75,M75)="High",5,IF(IF(ISBLANK(M75),G75,M75)="Medium",3,1)),2) -> 5.97 | O75: Not Started
A76: 215 | B76: 2 | C76: EN | D76: Pediatric Dentist Ruwi | E76: Commercial | F76: 30-80 | G76: Low | H76: Loc+Cat | I76: Dental | J76: /en/pediatric-dentist/ruwi | K76: =ROUND((IF(E76="Transactional",5,IF(E76="Commercial",4,IF(E76="Comparison",3,IF(E76="Informational",2,3))))*LOG10(IF(ISNUMBER(L76),L76,IFERROR(VALUE(LEFT(F76,FIND("-",F76)-1)),100))+1))/IF(IF(ISBLANK(M76),G76,M76)="High",5,IF(IF(ISBLANK(M76),G76,M76)="Medium",3,1)),2) -> 5.97 | O76: Not Started | P76: long-tail با رقابت پایین
A77: 216 | B77: 2 | C77: AR | D77: طبيب أسنان أطفال روي | E77: Commercial | F77: 30-80 | G77: Low | H77: Loc+Cat | I77: Dental | J77: /ar/pediatric-dentist/ruwi | K77: =ROUND((IF(E77="Transactional",5,IF(E77="Commercial",4,IF(E77="Comparison",3,IF(E77="Informational",2,3))))*LOG10(IF(ISNUMBER(L77),L77,IFERROR(VALUE(LEFT(F77,FIND("-",F77)-1)),100))+1))/IF(IF(ISBLANK(M77),G77,M77)="High",5,IF(IF(ISBLANK(M77),G77,M77)="Medium",3,1)),2) -> 5.97 | O77: Not Started
A78: 217 | B78: 2 | C78: EN | D78: Pediatric Dentist Bawshar | E78: Commercial | F78: 30-80 | G78: Low | H78: Loc+Cat | I78: Dental | J78: /en/pediatric-dentist/bawshar | K78: =ROUND((IF(E78="Transactional",5,IF(E78="Commercial",4,IF(E78="Comparison",3,IF(E78="Informational",2,3))))*LOG10(IF(ISNUMBER(L78),L78,IFERROR(VALUE(LEFT(F78,FIND("-",F78)-1)),100))+1))/IF(IF(ISBLANK(M78),G78,M78)="High",5,IF(IF(ISBLANK(M78),G78,M78)="Medium",3,1)),2) -> 5.97 | O78: Not Started | P78: long-tail با رقابت پایین
A79: 218 | B79: 2 | C79: AR | D79: طبيب أسنان أطفال بوشر | E79: Commercial | F79: 30-80 | G79: Low | H79: Loc+Cat | I79: Dental | J79: /ar/pediatric-dentist/bawshar | K79: =ROUND((IF(E79="Transactional",5,IF(E79="Commercial",4,IF(E79="Comparison",3,IF(E79="Informational",2,3))))*LOG10(IF(ISNUMBER(L79),L79,IFERROR(VALUE(LEFT(F79,FIND("-",F79)-1)),100))+1))/IF(IF(ISBLANK(M79),G79,M79)="High",5,IF(IF(ISBLANK(M79),G79,M79)="Medium",3,1)),2) -> 5.97 | O79: Not Started
A80: 219 | B80: 2 | C80: EN | D80: Pediatric Dentist Al Khoud | E80: Commercial | F80: 30-80 | G80: Low | H80: Loc+Cat | I80: Dental | J80: /en/pediatric-dentist/al-khoud | K80: =ROUND((IF(E80="Transactional",5,IF(E80="Commercial",4,IF(E80="Comparison",3,IF(E80="Informational",2,3))))*LOG10(IF(ISNUMBER(L80),L80,IFERROR(VALUE(LEFT(F80,FIND("-",F80)-1)),100))+1))/IF(IF(ISBLANK(M80),G80,M80)="High",5,IF(IF(ISBLANK(M80),G80,M80)="Medium",3,1)),2) -> 5.97 | O80: Not Started | P80: long-tail با رقابت پایین
A81: 220 | B81: 2 | C81: AR | D81: طبيب أسنان أطفال الخوض | E81: Commercial | F81: 30-80 | G81: Low | H81: Loc+Cat | I81: Dental | J81: /ar/pediatric-dentist/al-khoud | K81: =ROUND((IF(E81="Transactional",5,IF(E81="Commercial",4,IF(E81="Comparison",3,IF(E81="Informational",2,3))))*LOG10(IF(ISNUMBER(L81),L81,IFERROR(VALUE(LEFT(F81,FIND("-",F81)-1)),100))+1))/IF(IF(ISBLANK(M81),G81,M81)="High",5,IF(IF(ISBLANK(M81),G81,M81)="Medium",3,1)),2) -> 5.97 | O81: Not Started
A82: 221 | B82: 2 | C82: EN | D82: Dental Implant Al Mouj | E82: Commercial | F82: 40-100 | G82: Low | H82: Loc+Cat | I82: Dental | J82: /en/dental-implant/al-mouj | K82: =ROUND((IF(E82="Transactional",5,IF(E82="Commercial",4,IF(E82="Comparison",3,IF(E82="Informational",2,3))))*LOG10(IF(ISNUMBER(L82),L82,IFERROR(VALUE(LEFT(F82,FIND("-",F82)-1)),100))+1))/IF(IF(ISBLANK(M82),G82,M82)="High",5,IF(IF(ISBLANK(M82),G82,M82)="Medium",3,1)),2) -> 6.45 | O82: Not Started | P82: long-tail با رقابت پایین
A83: 222 | B83: 2 | C83: AR | D83: زرع الأسنان الموج | E83: Commercial | F83: 40-100 | G83: Low | H83: Loc+Cat | I83: Dental | J83: /ar/dental-implant/al-mouj | K83: =ROUND((IF(E83="Transactional",5,IF(E83="Commercial",4,IF(E83="Comparison",3,IF(E83="Informational",2,3))))*LOG10(IF(ISNUMBER(L83),L83,IFERROR(VALUE(LEFT(F83,FIND("-",F83)-1)),100))+1))/IF(IF(ISBLANK(M83),G83,M83)="High",5,IF(IF(ISBLANK(M83),G83,M83)="Medium",3,1)),2) -> 6.45 | O83: Not Started
A84: 223 | B84: 2 | C84: EN | D84: Dental Implant Al Qurum | E84: Commercial | F84: 40-100 | G84: Low | H84: Loc+Cat | I84: Dental | J84: /en/dental-implant/al-qurum | K84: =ROUND((IF(E84="Transactional",5,IF(E84="Commercial",4,IF(E84="Comparison",3,IF(E84="Informational",2,3))))*LOG10(IF(ISNUMBER(L84),L84,IFERROR(VALUE(LEFT(F84,FIND("-",F84)-1)),100))+1))/IF(IF(ISBLANK(M84),G84,M84)="High",5,IF(IF(ISBLANK(M84),G84,M84)="Medium",3,1)),2) -> 6.45 | O84: Not Started | P84: long-tail با رقابت پایین
A85: 224 | B85: 2 | C85: AR | D85: زرع الأسنان القرم | E85: Commercial | F85: 40-100 | G85: Low | H85: Loc+Cat | I85: Dental | J85: /ar/dental-implant/al-qurum | K85: =ROUND((IF(E85="Transactional",5,IF(E85="Commercial",4,IF(E85="Comparison",3,IF(E85="Informational",2,3))))*LOG10(IF(ISNUMBER(L85),L85,IFERROR(VALUE(LEFT(F85,FIND("-",F85)-1)),100))+1))/IF(IF(ISBLANK(M85),G85,M85)="High",5,IF(IF(ISBLANK(M85),G85,M85)="Medium",3,1)),2) -> 6.45 | O85: Not Started
A86: 225 | B86: 2 | C86: EN | D86: Dental Implant Al Khuwair | E86: Commercial | F86: 40-100 | G86: Low | H86: Loc+Cat | I86: Dental | J86: /en/dental-implant/al-khuwair | K86: =ROUND((IF(E86="Transactional",5,IF(E86="Commercial",4,IF(E86="Comparison",3,IF(E86="Informational",2,3))))*LOG10(IF(ISNUMBER(L86),L86,IFERROR(VALUE(LEFT(F86,FIND("-",F86)-1)),100))+1))/IF(IF(ISBLANK(M86),G86,M86)="High",5,IF(IF(ISBLANK(M86),G86,M86)="Medium",3,1)),2) -> 6.45 | O86: Not Started | P86: long-tail با رقابت پایین
A87: 226 | B87: 2 | C87: AR | D87: زرع الأسنان الخوير | E87: Commercial | F87: 40-100 | G87: Low | H87: Loc+Cat | I87: Dental | J87: /ar/dental-implant/al-khuwair | K87: =ROUND((IF(E87="Transactional",5,IF(E87="Commercial",4,IF(E87="Comparison",3,IF(E87="Informational",2,3))))*LOG10(IF(ISNUMBER(L87),L87,IFERROR(VALUE(LEFT(F87,FIND("-",F87)-1)),100))+1))/IF(IF(ISBLANK(M87),G87,M87)="High",5,IF(IF(ISBLANK(M87),G87,M87)="Medium",3,1)),2) -> 6.45 | O87: Not Started
A88: 227 | B88: 2 | C88: EN | D88: Dental Implant Madinat Sultan Qaboos | E88: Commercial | F88: 40-100 | G88: Low | H88: Loc+Cat | I88: Dental | J88: /en/dental-implant/madinat-sultan-qaboos | K88: =ROUND((IF(E88="Transactional",5,IF(E88="Commercial",4,IF(E88="Comparison",3,IF(E88="Informational",2,3))))*LOG10(IF(ISNUMBER(L88),L88,IFERROR(VALUE(LEFT(F88,FIND("-",F88)-1)),100))+1))/IF(IF(ISBLANK(M88),G88,M88)="High",5,IF(IF(ISBLANK(M88),G88,M88)="Medium",3,1)),2) -> 6.45 | O88: Not Started | P88: long-tail با رقابت پایین
A89: 228 | B89: 2 | C89: AR | D89: زرع الأسنان مدينة السلطان قابوس | E89: Commercial | F89: 40-100 | G89: Low | H89: Loc+Cat | I89: Dental | J89: /ar/dental-implant/madinat-sultan-qaboos | K89: =ROUND((IF(E89="Transactional",5,IF(E89="Commercial",4,IF(E89="Comparison",3,IF(E89="Informational",2,3))))*LOG10(IF(ISNUMBER(L89),L89,IFERROR(VALUE(LEFT(F89,FIND("-",F89)-1)),100))+1))/IF(IF(ISBLANK(M89),G89,M89)="High",5,IF(IF(ISBLANK(M89),G89,M89)="Medium",3,1)),2) -> 6.45 | O89: Not Started
A90: 229 | B90: 2 | C90: EN | D90: Dental Implant Al Ghubra | E90: Commercial | F90: 40-100 | G90: Low | H90: Loc+Cat | I90: Dental | J90: /en/dental-implant/al-ghubra | K90: =ROUND((IF(E90="Transactional",5,IF(E90="Commercial",4,IF(E90="Comparison",3,IF(E90="Informational",2,3))))*LOG10(IF(ISNUMBER(L90),L90,IFERROR(VALUE(LEFT(F90,FIND("-",F90)-1)),100))+1))/IF(IF(ISBLANK(M90),G90,M90)="High",5,IF(IF(ISBLANK(M90),G90,M90)="Medium",3,1)),2) -> 6.45 | O90: Not Started | P90: long-tail با رقابت پایین
A91: 230 | B91: 2 | C91: AR | D91: زرع الأسنان الغبرة | E91: Commercial | F91: 40-100 | G91: Low | H91: Loc+Cat | I91: Dental | J91: /ar/dental-implant/al-ghubra | K91: =ROUND((IF(E91="Transactional",5,IF(E91="Commercial",4,IF(E91="Comparison",3,IF(E91="Informational",2,3))))*LOG10(IF(ISNUMBER(L91),L91,IFERROR(VALUE(LEFT(F91,FIND("-",F91)-1)),100))+1))/IF(IF(ISBLANK(M91),G91,M91)="High",5,IF(IF(ISBLANK(M91),G91,M91)="Medium",3,1)),2) -> 6.45 | O91: Not Started
A92: 231 | B92: 2 | C92: EN | D92: Dental Implant Ruwi | E92: Commercial | F92: 40-100 | G92: Low | H92: Loc+Cat | I92: Dental | J92: /en/dental-implant/ruwi | K92: =ROUND((IF(E92="Transactional",5,IF(E92="Commercial",4,IF(E92="Comparison",3,IF(E92="Informational",2,3))))*LOG10(IF(ISNUMBER(L92),L92,IFERROR(VALUE(LEFT(F92,FIND("-",F92)-1)),100))+1))/IF(IF(ISBLANK(M92),G92,M92)="High",5,IF(IF(ISBLANK(M92),G92,M92)="Medium",3,1)),2) -> 6.45 | O92: Not Started | P92: long-tail با رقابت پایین
A93: 232 | B93: 2 | C93: AR | D93: زرع الأسنان روي | E93: Commercial | F93: 40-100 | G93: Low | H93: Loc+Cat | I93: Dental | J93: /ar/dental-implant/ruwi | K93: =ROUND((IF(E93="Transactional",5,IF(E93="Commercial",4,IF(E93="Comparison",3,IF(E93="Informational",2,3))))*LOG10(IF(ISNUMBER(L93),L93,IFERROR(VALUE(LEFT(F93,FIND("-",F93)-1)),100))+1))/IF(IF(ISBLANK(M93),G93,M93)="High",5,IF(IF(ISBLANK(M93),G93,M93)="Medium",3,1)),2) -> 6.45 | O93: Not Started
A94: 233 | B94: 2 | C94: EN | D94: Dental Implant Bawshar | E94: Commercial | F94: 40-100 | G94: Low | H94: Loc+Cat | I94: Dental | J94: /en/dental-implant/bawshar | K94: =ROUND((IF(E94="Transactional",5,IF(E94="Commercial",4,IF(E94="Comparison",3,IF(E94="Informational",2,3))))*LOG10(IF(ISNUMBER(L94),L94,IFERROR(VALUE(LEFT(F94,FIND("-",F94)-1)),100))+1))/IF(IF(ISBLANK(M94),G94,M94)="High",5,IF(IF(ISBLANK(M94),G94,M94)="Medium",3,1)),2) -> 6.45 | O94: Not Started | P94: long-tail با رقابت پایین
A95: 234 | B95: 2 | C95: AR | D95: زرع الأسنان بوشر | E95: Commercial | F95: 40-100 | G95: Low | H95: Loc+Cat | I95: Dental | J95: /ar/dental-implant/bawshar | K95: =ROUND((IF(E95="Transactional",5,IF(E95="Commercial",4,IF(E95="Comparison",3,IF(E95="Informational",2,3))))*LOG10(IF(ISNUMBER(L95),L95,IFERROR(VALUE(LEFT(F95,FIND("-",F95)-1)),100))+1))/IF(IF(ISBLANK(M95),G95,M95)="High",5,IF(IF(ISBLANK(M95),G95,M95)="Medium",3,1)),2) -> 6.45 | O95: Not Started
A96: 235 | B96: 2 | C96: EN | D96: Dental Implant Al Khoud | E96: Commercial | F96: 40-100 | G96: Low | H96: Loc+Cat | I96: Dental | J96: /en/dental-implant/al-khoud | K96: =ROUND((IF(E96="Transactional",5,IF(E96="Commercial",4,IF(E96="Comparison",3,IF(E96="Informational",2,3))))*LOG10(IF(ISNUMBER(L96),L96,IFERROR(VALUE(LEFT(F96,FIND("-",F96)-1)),100))+1))/IF(IF(ISBLANK(M96),G96,M96)="High",5,IF(IF(ISBLANK(M96),G96,M96)="Medium",3,1)),2) -> 6.45 | O96: Not Started | P96: long-tail با رقابت پایین
A97: 236 | B97: 2 | C97: AR | D97: زرع الأسنان الخوض | E97: Commercial | F97: 40-100 | G97: Low | H97: Loc+Cat | I97: Dental | J97: /ar/dental-implant/al-khoud | K97: =ROUND((IF(E97="Transactional",5,IF(E97="Commercial",4,IF(E97="Comparison",3,IF(E97="Informational",2,3))))*LOG10(IF(ISNUMBER(L97),L97,IFERROR(VALUE(LEFT(F97,FIND("-",F97)-1)),100))+1))/IF(IF(ISBLANK(M97),G97,M97)="High",5,IF(IF(ISBLANK(M97),G97,M97)="Medium",3,1)),2) -> 6.45 | O97: Not Started
A98: 237 | B98: 2 | C98: EN | D98: Teeth Whitening Al Mouj | E98: Commercial | F98: 30-80 | G98: Low | H98: Loc+Cat | I98: Dental | J98: /en/teeth-whitening/al-mouj | K98: =ROUND((IF(E98="Transactional",5,IF(E98="Commercial",4,IF(E98="Comparison",3,IF(E98="Informational",2,3))))*LOG10(IF(ISNUMBER(L98),L98,IFERROR(VALUE(LEFT(F98,FIND("-",F98)-1)),100))+1))/IF(IF(ISBLANK(M98),G98,M98)="High",5,IF(IF(ISBLANK(M98),G98,M98)="Medium",3,1)),2) -> 5.97 | O98: Not Started | P98: long-tail با رقابت پایین
A99: 238 | B99: 2 | C99: AR | D99: تبييض الأسنان الموج | E99: Commercial | F99: 30-80 | G99: Low | H99: Loc+Cat | I99: Dental | J99: /ar/teeth-whitening/al-mouj | K99: =ROUND((IF(E99="Transactional",5,IF(E99="Commercial",4,IF(E99="Comparison",3,IF(E99="Informational",2,3))))*LOG10(IF(ISNUMBER(L99),L99,IFERROR(VALUE(LEFT(F99,FIND("-",F99)-1)),100))+1))/IF(IF(ISBLANK(M99),G99,M99)="High",5,IF(IF(ISBLANK(M99),G99,M99)="Medium",3,1)),2) -> 5.97 | O99: Not Started
A100: 239 | B100: 2 | C100: EN | D100: Teeth Whitening Al Qurum | E100: Commercial | F100: 30-80 | G100: Low | H100: Loc+Cat | I100: Dental | J100: /en/teeth-whitening/al-qurum | K100: =ROUND((IF(E100="Transactional",5,IF(E100="Commercial",4,IF(E100="Comparison",3,IF(E100="Informational",2,3))))*LOG10(IF(ISNUMBER(L100),L100,IFERROR(VALUE(LEFT(F100,FIND("-",F100)-1)),100))+1))/IF(IF(ISBLANK(M100),G100,M100)="High",5,IF(IF(ISBLANK(M100),G100,M100)="Medium",3,1)),2) -> 5.97 | O100: Not Started | P100: long-tail با رقابت پایین
...

Sheet ۰۶_Tier3_Costs
A1: # | B1: Tier | C1: Lang | D1: Keyword | E1: Intent | F1: Est. Volume | G1: Est. Comp. | H1: Pattern | I1: Cluster | J1: Target URL | K1: Priority | L1: Actual Vol. | M1: Actual Diff. | N1: Current Rank | O1: Status | P1: Notes
A2: 381 | B2: 3 | C2: EN | D2: dental implant cost Muscat | E2: Commercial | F2: 300-700 | G2: Low | H2: Cost | I2: Dental | J2: /en/articles/dental-implant-cost-muscat | K2: =ROUND((IF(E2="Transactional",5,IF(E2="Commercial",4,IF(E2="Comparison",3,IF(E2="Informational",2,3))))*LOG10(IF(ISNUMBER(L2),L2,IFERROR(VALUE(LEFT(F2,FIND("-",F2)-1)),100))+1))/IF(IF(ISBLANK(M2),G2,M2)="High",5,IF(IF(ISBLANK(M2),G2,M2)="Medium",3,1)),2) -> 9.91 | O2: Not Started | P2: intent بالا — کاربر آماده خرید
A3: 382 | B3: 3 | C3: AR | D3: تكلفة زرع الأسنان في مسقط | E3: Commercial | F3: 250-600 | G3: Low | H3: Cost | I3: Dental | J3: /ar/articles/dental-implant-cost | K3: =ROUND((IF(E3="Transactional",5,IF(E3="Commercial",4,IF(E3="Comparison",3,IF(E3="Informational",2,3))))*LOG10(IF(ISNUMBER(L3),L3,IFERROR(VALUE(LEFT(F3,FIND("-",F3)-1)),100))+1))/IF(IF(ISBLANK(M3),G3,M3)="High",5,IF(IF(ISBLANK(M3),G3,M3)="Medium",3,1)),2) -> 9.6 | O3: Not Started
A4: 383 | B4: 3 | C4: EN | D4: teeth whitening cost Muscat | E4: Commercial | F4: 200-500 | G4: Low | H4: Cost | I4: Dental | J4: /en/articles/teeth-whitening-cost-muscat | K4: =ROUND((IF(E4="Transactional",5,IF(E4="Commercial",4,IF(E4="Comparison",3,IF(E4="Informational",2,3))))*LOG10(IF(ISNUMBER(L4),L4,IFERROR(VALUE(LEFT(F4,FIND("-",F4)-1)),100))+1))/IF(IF(ISBLANK(M4),G4,M4)="High",5,IF(IF(ISBLANK(M4),G4,M4)="Medium",3,1)),2) -> 9.21 | O4: Not Started | P4: intent بالا — کاربر آماده خرید
A5: 384 | B5: 3 | C5: AR | D5: تكلفة تبييض الأسنان في مسقط | E5: Commercial | F5: 150-400 | G5: Low | H5: Cost | I5: Dental | J5: /ar/articles/teeth-whitening-cost | K5: =ROUND((IF(E5="Transactional",5,IF(E5="Commercial",4,IF(E5="Comparison",3,IF(E5="Informational",2,3))))*LOG10(IF(ISNUMBER(L5),L5,IFERROR(VALUE(LEFT(F5,FIND("-",F5)-1)),100))+1))/IF(IF(ISBLANK(M5),G5,M5)="High",5,IF(IF(ISBLANK(M5),G5,M5)="Medium",3,1)),2) -> 8.72 | O5: Not Started
A6: 385 | B6: 3 | C6: EN | D6: invisalign cost Muscat | E6: Commercial | F6: 200-500 | G6: Low | H6: Cost | I6: Dental | J6: /en/articles/invisalign-cost-muscat | K6: =ROUND((IF(E6="Transactional",5,IF(E6="Commercial",4,IF(E6="Comparison",3,IF(E6="Informational",2,3))))*LOG10(IF(ISNUMBER(L6),L6,IFERROR(VALUE(LEFT(F6,FIND("-",F6)-1)),100))+1))/IF(IF(ISBLANK(M6),G6,M6)="High",5,IF(IF(ISBLANK(M6),G6,M6)="Medium",3,1)),2) -> 9.21 | O6: Not Started | P6: intent بالا — کاربر آماده خرید
A7: 386 | B7: 3 | C7: AR | D7: تكلفة تقويم شفاف في مسقط | E7: Commercial | F7: 150-400 | G7: Low | H7: Cost | I7: Dental | J7: /ar/articles/invisalign-cost | K7: =ROUND((IF(E7="Transactional",5,IF(E7="Commercial",4,IF(E7="Comparison",3,IF(E7="Informational",2,3))))*LOG10(IF(ISNUMBER(L7),L7,IFERROR(VALUE(LEFT(F7,FIND("-",F7)-1)),100))+1))/IF(IF(ISBLANK(M7),G7,M7)="High",5,IF(IF(ISBLANK(M7),G7,M7)="Medium",3,1)),2) -> 8.72 | O7: Not Started
A8: 387 | B8: 3 | C8: EN | D8: veneers cost Muscat | E8: Commercial | F8: 200-500 | G8: Low | H8: Cost | I8: Dental | J8: /en/articles/veneers-cost-muscat | K8: =ROUND((IF(E8="Transactional",5,IF(E8="Commercial",4,IF(E8="Comparison",3,IF(E8="Informational",2,3))))*LOG10(IF(ISNUMBER(L8),L8,IFERROR(VALUE(LEFT(F8,FIND("-",F8)-1)),100))+1))/IF(IF(ISBLANK(M8),G8,M8)="High",5,IF(IF(ISBLANK(M8),G8,M8)="Medium",3,1)),2) -> 9.21 | O8: Not Started | P8: intent بالا — کاربر آماده خرید
A9: 388 | B9: 3 | C9: AR | D9: تكلفة عدسات الأسنان في مسقط | E9: Commercial | F9: 150-400 | G9: Low | H9: Cost | I9: Dental | J9: /ar/articles/veneers-cost | K9: =ROUND((IF(E9="Transactional",5,IF(E9="Commercial",4,IF(E9="Comparison",3,IF(E9="Informational",2,3))))*LOG10(IF(ISNUMBER(L9),L9,IFERROR(VALUE(LEFT(F9,FIND("-",F9)-1)),100))+1))/IF(IF(ISBLANK(M9),G9,M9)="High",5,IF(IF(ISBLANK(M9),G9,M9)="Medium",3,1)),2) -> 8.72 | O9: Not Started
A10: 389 | B10: 3 | C10: EN | D10: root canal cost Muscat | E10: Commercial | F10: 200-500 | G10: Low | H10: Cost | I10: Dental | J10: /en/articles/root-canal-cost-muscat | K10: =ROUND((IF(E10="Transactional",5,IF(E10="Commercial",4,IF(E10="Comparison",3,IF(E10="Informational",2,3))))*LOG10(IF(ISNUMBER(L10),L10,IFERROR(VALUE(LEFT(F10,FIND("-",F10)-1)),100))+1))/IF(IF(ISBLANK(M10),G10,M10)="High",5,IF(IF(ISBLANK(M10),G10,M10)="Medium",3,1)),2) -> 9.21 | O10: Not Started | P10: intent بالا — کاربر آماده خرید
A11: 390 | B11: 3 | C11: AR | D11: تكلفة علاج العصب في مسقط | E11: Commercial | F11: 150-400 | G11: Low | H11: Cost | I11: Dental | J11: /ar/articles/root-canal-cost | K11: =ROUND((IF(E11="Transactional",5,IF(E11="Commercial",4,IF(E11="Comparison",3,IF(E11="Informational",2,3))))*LOG10(IF(ISNUMBER(L11),L11,IFERROR(VALUE(LEFT(F11,FIND("-",F11)-1)),100))+1))/IF(IF(ISBLANK(M11),G11,M11)="High",5,IF(IF(ISBLANK(M11),G11,M11)="Medium",3,1)),2) -> 8.72 | O11: Not Started
A12: 391 | B12: 3 | C12: EN | D12: LASIK cost Muscat | E12: Commercial | F12: 200-500 | G12: Low | H12: Cost | I12: Eye | J12: /en/articles/lasik-cost-muscat | K12: =ROUND((IF(E12="Transactional",5,IF(E12="Commercial",4,IF(E12="Comparison",3,IF(E12="Informational",2,3))))*LOG10(IF(ISNUMBER(L12),L12,IFERROR(VALUE(LEFT(F12,FIND("-",F12)-1)),100))+1))/IF(IF(ISBLANK(M12),G12,M12)="High",5,IF(IF(ISBLANK(M12),G12,M12)="Medium",3,1)),2) -> 9.21 | O12: Not Started | P12: intent بالا — کاربر آماده خرید
A13: 392 | B13: 3 | C13: AR | D13: تكلفة ليزك في مسقط | E13: Commercial | F13: 150-400 | G13: Low | H13: Cost | I13: Eye | J13: /ar/articles/lasik-cost | K13: =ROUND((IF(E13="Transactional",5,IF(E13="Commercial",4,IF(E13="Comparison",3,IF(E13="Informational",2,3))))*LOG10(IF(ISNUMBER(L13),L13,IFERROR(VALUE(LEFT(F13,FIND("-",F13)-1)),100))+1))/IF(IF(ISBLANK(M13),G13,M13)="High",5,IF(IF(ISBLANK(M13),G13,M13)="Medium",3,1)),2) -> 8.72 | O13: Not Started
A14: 393 | B14: 3 | C14: EN | D14: cataract surgery cost Muscat | E14: Commercial | F14: 100-300 | G14: Low | H14: Cost | I14: Eye | J14: /en/articles/cataract-surgery-cost-muscat | K14: =ROUND((IF(E14="Transactional",5,IF(E14="Commercial",4,IF(E14="Comparison",3,IF(E14="Informational",2,3))))*LOG10(IF(ISNUMBER(L14),L14,IFERROR(VALUE(LEFT(F14,FIND("-",F14)-1)),100))+1))/IF(IF(ISBLANK(M14),G14,M14)="High",5,IF(IF(ISBLANK(M14),G14,M14)="Medium",3,1)),2) -> 8.02 | O14: Not Started | P14: intent بالا — کاربر آماده خرید
A15: 394 | B15: 3 | C15: AR | D15: تكلفة جراحة المياه البيضاء في مسقط | E15: Commercial | F15: 80-250 | G15: Low | H15: Cost | I15: Eye | J15: /ar/articles/cataract-surgery-cost | K15: =ROUND((IF(E15="Transactional",5,IF(E15="Commercial",4,IF(E15="Comparison",3,IF(E15="Informational",2,3))))*LOG10(IF(ISNUMBER(L15),L15,IFERROR(VALUE(LEFT(F15,FIND("-",F15)-1)),100))+1))/IF(IF(ISBLANK(M15),G15,M15)="High",5,IF(IF(ISBLANK(M15),G15,M15)="Medium",3,1)),2) -> 7.63 | O15: Not Started
A16: 395 | B16: 3 | C16: EN | D16: laser hair removal cost Muscat | E16: Commercial | F16: 300-700 | G16: Low | H16: Cost | I16: Aesthetic | J16: /en/articles/laser-hair-removal-cost-muscat | K16: =ROUND((IF(E16="Transactional",5,IF(E16="Commercial",4,IF(E16="Comparison",3,IF(E16="Informational",2,3))))*LOG10(IF(ISNUMBER(L16),L16,IFERROR(VALUE(LEFT(F16,FIND("-",F16)-1)),100))+1))/IF(IF(ISBLANK(M16),G16,M16)="High",5,IF(IF(ISBLANK(M16),G16,M16)="Medium",3,1)),2) -> 9.91 | O16: Not Started | P16: intent بالا — کاربر آماده خرید
A17: 396 | B17: 3 | C17: AR | D17: تكلفة ليزر إزالة الشعر في مسقط | E17: Commercial | F17: 250-600 | G17: Low | H17: Cost | I17: Aesthetic | J17: /ar/articles/laser-hair-removal-cost | K17: =ROUND((IF(E17="Transactional",5,IF(E17="Commercial",4,IF(E17="Comparison",3,IF(E17="Informational",2,3))))*LOG10(IF(ISNUMBER(L17),L17,IFERROR(VALUE(LEFT(F17,FIND("-",F17)-1)),100))+1))/IF(IF(ISBLANK(M17),G17,M17)="High",5,IF(IF(ISBLANK(M17),G17,M17)="Medium",3,1)),2) -> 9.6 | O17: Not Started
A18: 397 | B18: 3 | C18: EN | D18: botox cost Muscat | E18: Commercial | F18: 300-700 | G18: Low | H18: Cost | I18: Aesthetic | J18: /en/articles/botox-cost-muscat | K18: =ROUND((IF(E18="Transactional",5,IF(E18="Commercial",4,IF(E18="Comparison",3,IF(E18="Informational",2,3))))*LOG10(IF(ISNUMBER(L18),L18,IFERROR(VALUE(LEFT(F18,FIND("-",F18)-1)),100))+1))/IF(IF(ISBLANK(M18),G18,M18)="High",5,IF(IF(ISBLANK(M18),G18,M18)="Medium",3,1)),2) -> 9.91 | O18: Not Started | P18: intent بالا — کاربر آماده خرید
A19: 398 | B19: 3 | C19: AR | D19: تكلفة بوتوكس في مسقط | E19: Commercial | F19: 250-600 | G19: Low | H19: Cost | I19: Aesthetic | J19: /ar/articles/botox-cost | K19: =ROUND((IF(E19="Transactional",5,IF(E19="Commercial",4,IF(E19="Comparison",3,IF(E19="Informational",2,3))))*LOG10(IF(ISNUMBER(L19),L19,IFERROR(VALUE(LEFT(F19,FIND("-",F19)-1)),100))+1))/IF(IF(ISBLANK(M19),G19,M19)="High",5,IF(IF(ISBLANK(M19),G19,M19)="Medium",3,1)),2) -> 9.6 | O19: Not Started
A20: 399 | B20: 3 | C20: EN | D20: filler cost Muscat | E20: Commercial | F20: 300-700 | G20: Low | H20: Cost | I20: Aesthetic | J20: /en/articles/filler-cost-muscat | K20: =ROUND((IF(E20="Transactional",5,IF(E20="Commercial",4,IF(E20="Comparison",3,IF(E20="Informational",2,3))))*LOG10(IF(ISNUMBER(L20),L20,IFERROR(VALUE(LEFT(F20,FIND("-",F20)-1)),100))+1))/IF(IF(ISBLANK(M20),G20,M20)="High",5,IF(IF(ISBLANK(M20),G20,M20)="Medium",3,1)),2) -> 9.91 | O20: Not Started | P20: intent بالا — کاربر آماده خرید
A21: 400 | B21: 3 | C21: AR | D21: تكلفة فيلر في مسقط | E21: Commercial | F21: 250-600 | G21: Low | H21: Cost | I21: Aesthetic | J21: /ar/articles/filler-cost | K21: =ROUND((IF(E21="Transactional",5,IF(E21="Commercial",4,IF(E21="Comparison",3,IF(E21="Informational",2,3))))*LOG10(IF(ISNUMBER(L21),L21,IFERROR(VALUE(LEFT(F21,FIND("-",F21)-1)),100))+1))/IF(IF(ISBLANK(M21),G21,M21)="High",5,IF(IF(ISBLANK(M21),G21,M21)="Medium",3,1)),2) -> 9.6 | O21: Not Started
A22: 401 | B22: 3 | C22: EN | D22: hydrafacial cost Muscat | E22: Commercial | F22: 200-500 | G22: Low | H22: Cost | I22: Aesthetic | J22: /en/articles/hydrafacial-cost-muscat | K22: =ROUND((IF(E22="Transactional",5,IF(E22="Commercial",4,IF(E22="Comparison",3,IF(E22="Informational",2,3))))*LOG10(IF(ISNUMBER(L22),L22,IFERROR(VALUE(LEFT(F22,FIND("-",F22)-1)),100))+1))/IF(IF(ISBLANK(M22),G22,M22)="High",5,IF(IF(ISBLANK(M22),G22,M22)="Medium",3,1)),2) -> 9.21 | O22: Not Started | P22: intent بالا — کاربر آماده خرید
A23: 402 | B23: 3 | C23: AR | D23: تكلفة هيدرافيشل في مسقط | E23: Commercial | F23: 150-400 | G23: Low | H23: Cost | I23: Aesthetic | J23: /ar/articles/hydrafacial-cost | K23: =ROUND((IF(E23="Transactional",5,IF(E23="Commercial",4,IF(E23="Comparison",3,IF(E23="Informational",2,3))))*LOG10(IF(ISNUMBER(L23),L23,IFERROR(VALUE(LEFT(F23,FIND("-",F23)-1)),100))+1))/IF(IF(ISBLANK(M23),G23,M23)="High",5,IF(IF(ISBLANK(M23),G23,M23)="Medium",3,1)),2) -> 8.72 | O23: Not Started
A24: 403 | B24: 3 | C24: EN | D24: hair transplant cost Muscat | E24: Commercial | F24: 200-500 | G24: Low | H24: Cost | I24: Aesthetic | J24: /en/articles/hair-transplant-cost-muscat | K24: =ROUND((IF(E24="Transactional",5,IF(E24="Commercial",4,IF(E24="Comparison",3,IF(E24="Informational",2,3))))*LOG10(IF(ISNUMBER(L24),L24,IFERROR(VALUE(LEFT(F24,FIND("-",F24)-1)),100))+1))/IF(IF(ISBLANK(M24),G24,M24)="High",5,IF(IF(ISBLANK(M24),G24,M24)="Medium",3,1)),2) -> 9.21 | O24: Not Started | P24: intent بالا — کاربر آماده خرید
A25: 404 | B25: 3 | C25: AR | D25: تكلفة زراعة الشعر في مسقط | E25: Commercial | F25: 150-400 | G25: Low | H25: Cost | I25: Aesthetic | J25: /ar/articles/hair-transplant-cost | K25: =ROUND((IF(E25="Transactional",5,IF(E25="Commercial",4,IF(E25="Comparison",3,IF(E25="Informational",2,3))))*LOG10(IF(ISNUMBER(L25),L25,IFERROR(VALUE(LEFT(F25,FIND("-",F25)-1)),100))+1))/IF(IF(ISBLANK(M25),G25,M25)="High",5,IF(IF(ISBLANK(M25),G25,M25)="Medium",3,1)),2) -> 8.72 | O25: Not Started
A26: 405 | B26: 3 | C26: EN | D26: liposuction cost Muscat | E26: Commercial | F26: 100-300 | G26: Low | H26: Cost | I26: Aesthetic | J26: /en/articles/liposuction-cost-muscat | K26: =ROUND((IF(E26="Transactional",5,IF(E26="Commercial",4,IF(E26="Comparison",3,IF(E26="Informational",2,3))))*LOG10(IF(ISNUMBER(L26),L26,IFERROR(VALUE(LEFT(F26,FIND("-",F26)-1)),100))+1))/IF(IF(ISBLANK(M26),G26,M26)="High",5,IF(IF(ISBLANK(M26),G26,M26)="Medium",3,1)),2) -> 8.02 | O26: Not Started | P26: intent بالا — کاربر آماده خرید
A27: 406 | B27: 3 | C27: AR | D27: تكلفة شفط الدهون في مسقط | E27: Commercial | F27: 80-250 | G27: Low | H27: Cost | I27: Aesthetic | J27: /ar/articles/liposuction-cost | K27: =ROUND((IF(E27="Transactional",5,IF(E27="Commercial",4,IF(E27="Comparison",3,IF(E27="Informational",2,3))))*LOG10(IF(ISNUMBER(L27),L27,IFERROR(VALUE(LEFT(F27,FIND("-",F27)-1)),100))+1))/IF(IF(ISBLANK(M27),G27,M27)="High",5,IF(IF(ISBLANK(M27),G27,M27)="Medium",3,1)),2) -> 7.63 | O27: Not Started
A28: 407 | B28: 3 | C28: EN | D28: rhinoplasty cost Muscat | E28: Commercial | F28: 200-500 | G28: Low | H28: Cost | I28: Aesthetic | J28: /en/articles/rhinoplasty-cost-muscat | K28: =ROUND((IF(E28="Transactional",5,IF(E28="Commercial",4,IF(E28="Comparison",3,IF(E28="Informational",2,3))))*LOG10(IF(ISNUMBER(L28),L28,IFERROR(VALUE(LEFT(F28,FIND("-",F28)-1)),100))+1))/IF(IF(ISBLANK(M28),G28,M28)="High",5,IF(IF(ISBLANK(M28),G28,M28)="Medium",3,1)),2) -> 9.21 | O28: Not Started | P28: intent بالا — کاربر آماده خرید
A29: 408 | B29: 3 | C29: AR | D29: تكلفة تجميل الأنف في مسقط | E29: Commercial | F29: 150-400 | G29: Low | H29: Cost | I29: Aesthetic | J29: /ar/articles/rhinoplasty-cost | K29: =ROUND((IF(E29="Transactional",5,IF(E29="Commercial",4,IF(E29="Comparison",3,IF(E29="Informational",2,3))))*LOG10(IF(ISNUMBER(L29),L29,IFERROR(VALUE(LEFT(F29,FIND("-",F29)-1)),100))+1))/IF(IF(ISBLANK(M29),G29,M29)="High",5,IF(IF(ISBLANK(M29),G29,M29)="Medium",3,1)),2) -> 8.72 | O29: Not Started
A30: 409 | B30: 3 | C30: EN | D30: breast augmentation cost Muscat | E30: Commercial | F30: 100-300 | G30: Low | H30: Cost | I30: Aesthetic | J30: /en/articles/breast-augmentation-cost-muscat | K30: =ROUND((IF(E30="Transactional",5,IF(E30="Commercial",4,IF(E30="Comparison",3,IF(E30="Informational",2,3))))*LOG10(IF(ISNUMBER(L30),L30,IFERROR(VALUE(LEFT(F30,FIND("-",F30)-1)),100))+1))/IF(IF(ISBLANK(M30),G30,M30)="High",5,IF(IF(ISBLANK(M30),G30,M30)="Medium",3,1)),2) -> 8.02 | O30: Not Started | P30: intent بالا — کاربر آماده خرید
A31: 410 | B31: 3 | C31: AR | D31: تكلفة تكبير الصدر في مسقط | E31: Commercial | F31: 80-250 | G31: Low | H31: Cost | I31: Aesthetic | J31: /ar/articles/breast-augmentation-cost | K31: =ROUND((IF(E31="Transactional",5,IF(E31="Commercial",4,IF(E31="Comparison",3,IF(E31="Informational",2,3))))*LOG10(IF(ISNUMBER(L31),L31,IFERROR(VALUE(LEFT(F31,FIND("-",F31)-1)),100))+1))/IF(IF(ISBLANK(M31),G31,M31)="High",5,IF(IF(ISBLANK(M31),G31,M31)="Medium",3,1)),2) -> 7.63 | O31: Not Started
A32: 411 | B32: 3 | C32: EN | D32: IVF cost Muscat | E32: Commercial | F32: 200-500 | G32: Low | H32: Cost | I32: Women | J32: /en/articles/ivf-cost-muscat | K32: =ROUND((IF(E32="Transactional",5,IF(E32="Commercial",4,IF(E32="Comparison",3,IF(E32="Informational",2,3))))*LOG10(IF(ISNUMBER(L32),L32,IFERROR(VALUE(LEFT(F32,FIND("-",F32)-1)),100))+1))/IF(IF(ISBLANK(M32),G32,M32)="High",5,IF(IF(ISBLANK(M32),G32,M32)="Medium",3,1)),2) -> 9.21 | O32: Not Started | P32: intent بالا — کاربر آماده خرید
A33: 412 | B33: 3 | C33: AR | D33: تكلفة أطفال أنابيب في مسقط | E33: Commercial | F33: 150-400 | G33: Low | H33: Cost | I33: Women | J33: /ar/articles/ivf-cost | K33: =ROUND((IF(E33="Transactional",5,IF(E33="Commercial",4,IF(E33="Comparison",3,IF(E33="Informational",2,3))))*LOG10(IF(ISNUMBER(L33),L33,IFERROR(VALUE(LEFT(F33,FIND("-",F33)-1)),100))+1))/IF(IF(ISBLANK(M33),G33,M33)="High",5,IF(IF(ISBLANK(M33),G33,M33)="Medium",3,1)),2) -> 8.72 | O33: Not Started
A34: 413 | B34: 3 | C34: EN | D34: normal delivery cost Muscat | E34: Commercial | F34: 200-500 | G34: Low | H34: Cost | I34: Women | J34: /en/articles/normal-delivery-cost-muscat | K34: =ROUND((IF(E34="Transactional",5,IF(E34="Commercial",4,IF(E34="Comparison",3,IF(E34="Informational",2,3))))*LOG10(IF(ISNUMBER(L34),L34,IFERROR(VALUE(LEFT(F34,FIND("-",F34)-1)),100))+1))/IF(IF(ISBLANK(M34),G34,M34)="High",5,IF(IF(ISBLANK(M34),G34,M34)="Medium",3,1)),2) -> 9.21 | O34: Not Started | P34: intent بالا — کاربر آماده خرید
A35: 414 | B35: 3 | C35: AR | D35: تكلفة ولادة طبيعية في مسقط | E35: Commercial | F35: 150-400 | G35: Low | H35: Cost | I35: Women | J35: /ar/articles/normal-delivery-cost | K35: =ROUND((IF(E35="Transactional",5,IF(E35="Commercial",4,IF(E35="Comparison",3,IF(E35="Informational",2,3))))*LOG10(IF(ISNUMBER(L35),L35,IFERROR(VALUE(LEFT(F35,FIND("-",F35)-1)),100))+1))/IF(IF(ISBLANK(M35),G35,M35)="High",5,IF(IF(ISBLANK(M35),G35,M35)="Medium",3,1)),2) -> 8.72 | O35: Not Started
A36: 415 | B36: 3 | C36: EN | D36: c-section cost Muscat | E36: Commercial | F36: 200-500 | G36: Low | H36: Cost | I36: Women | J36: /en/articles/c-section-cost-muscat | K36: =ROUND((IF(E36="Transactional",5,IF(E36="Commercial",4,IF(E36="Comparison",3,IF(E36="Informational",2,3))))*LOG10(IF(ISNUMBER(L36),L36,IFERROR(VALUE(LEFT(F36,FIND("-",F36)-1)),100))+1))/IF(IF(ISBLANK(M36),G36,M36)="High",5,IF(IF(ISBLANK(M36),G36,M36)="Medium",3,1)),2) -> 9.21 | O36: Not Started | P36: intent بالا — کاربر آماده خرید
A37: 416 | B37: 3 | C37: AR | D37: تكلفة ولادة قيصرية في مسقط | E37: Commercial | F37: 150-400 | G37: Low | H37: Cost | I37: Women | J37: /ar/articles/c-section-cost | K37: =ROUND((IF(E37="Transactional",5,IF(E37="Commercial",4,IF(E37="Comparison",3,IF(E37="Informational",2,3))))*LOG10(IF(ISNUMBER(L37),L37,IFERROR(VALUE(LEFT(F37,FIND("-",F37)-1)),100))+1))/IF(IF(ISBLANK(M37),G37,M37)="High",5,IF(IF(ISBLANK(M37),G37,M37)="Medium",3,1)),2) -> 8.72 | O37: Not Started
A38: 417 | B38: 3 | C38: EN | D38: knee replacement cost Muscat | E38: Commercial | F38: 100-300 | G38: Low | H38: Cost | I38: Orthopedic | J38: /en/articles/knee-replacement-cost-muscat | K38: =ROUND((IF(E38="Transactional",5,IF(E38="Commercial",4,IF(E38="Comparison",3,IF(E38="Informational",2,3))))*LOG10(IF(ISNUMBER(L38),L38,IFERROR(VALUE(LEFT(F38,FIND("-",F38)-1)),100))+1))/IF(IF(ISBLANK(M38),G38,M38)="High",5,IF(IF(ISBLANK(M38),G38,M38)="Medium",3,1)),2) -> 8.02 | O38: Not Started | P38: intent بالا — کاربر آماده خرید
A39: 418 | B39: 3 | C39: AR | D39: تكلفة تبديل الركبة في مسقط | E39: Commercial | F39: 80-250 | G39: Low | H39: Cost | I39: Orthopedic | J39: /ar/articles/knee-replacement-cost | K39: =ROUND((IF(E39="Transactional",5,IF(E39="Commercial",4,IF(E39="Comparison",3,IF(E39="Informational",2,3))))*LOG10(IF(ISNUMBER(L39),L39,IFERROR(VALUE(LEFT(F39,FIND("-",F39)-1)),100))+1))/IF(IF(ISBLANK(M39),G39,M39)="High",5,IF(IF(ISBLANK(M39),G39,M39)="Medium",3,1)),2) -> 7.63 | O39: Not Started
A40: 419 | B40: 3 | C40: EN | D40: MRI cost Muscat | E40: Commercial | F40: 200-500 | G40: Low | H40: Cost | I40: Imaging | J40: /en/articles/mri-cost-muscat | K40: =ROUND((IF(E40="Transactional",5,IF(E40="Commercial",4,IF(E40="Comparison",3,IF(E40="Informational",2,3))))*LOG10(IF(ISNUMBER(L40),L40,IFERROR(VALUE(LEFT(F40,FIND("-",F40)-1)),100))+1))/IF(IF(ISBLANK(M40),G40,M40)="High",5,IF(IF(ISBLANK(M40),G40,M40)="Medium",3,1)),2) -> 9.21 | O40: Not Started | P40: intent بالا — کاربر آماده خرید
A41: 420 | B41: 3 | C41: AR | D41: تكلفة أشعة رنين في مسقط | E41: Commercial | F41: 150-400 | G41: Low | H41: Cost | I41: Imaging | J41: /ar/articles/mri-cost | K41: =ROUND((IF(E41="Transactional",5,IF(E41="Commercial",4,IF(E41="Comparison",3,IF(E41="Informational",2,3))))*LOG10(IF(ISNUMBER(L41),L41,IFERROR(VALUE(LEFT(F41,FIND("-",F41)-1)),100))+1))/IF(IF(ISBLANK(M41),G41,M41)="High",5,IF(IF(ISBLANK(M41),G41,M41)="Medium",3,1)),2) -> 8.72 | O41: Not Started
A42: 421 | B42: 3 | C42: EN | D42: CT scan cost Muscat | E42: Commercial | F42: 200-500 | G42: Low | H42: Cost | I42: Imaging | J42: /en/articles/ct-scan-cost-muscat | K42: =ROUND((IF(E42="Transactional",5,IF(E42="Commercial",4,IF(E42="Comparison",3,IF(E42="Informational",2,3))))*LOG10(IF(ISNUMBER(L42),L42,IFERROR(VALUE(LEFT(F42,FIND("-",F42)-1)),100))+1))/IF(IF(ISBLANK(M42),G42,M42)="High",5,IF(IF(ISBLANK(M42),G42,M42)="Medium",3,1)),2) -> 9.21 | O42: Not Started | P42: intent بالا — کاربر آماده خرید
A43: 422 | B43: 3 | C43: AR | D43: تكلفة أشعة مقطعية في مسقط | E43: Commercial | F43: 150-400 | G43: Low | H43: Cost | I43: Imaging | J43: /ar/articles/ct-scan-cost | K43: =ROUND((IF(E43="Transactional",5,IF(E43="Commercial",4,IF(E43="Comparison",3,IF(E43="Informational",2,3))))*LOG10(IF(ISNUMBER(L43),L43,IFERROR(VALUE(LEFT(F43,FIND("-",F43)-1)),100))+1))/IF(IF(ISBLANK(M43),G43,M43)="High",5,IF(IF(ISBLANK(M43),G43,M43)="Medium",3,1)),2) -> 8.72 | O43: Not Started
A44: 423 | B44: 3 | C44: EN | D44: blood test cost Muscat | E44: Commercial | F44: 200-500 | G44: Low | H44: Cost | I44: Lab | J44: /en/articles/blood-test-cost-muscat | K44: =ROUND((IF(E44="Transactional",5,IF(E44="Commercial",4,IF(E44="Comparison",3,IF(E44="Informational",2,3))))*LOG10(IF(ISNUMBER(L44),L44,IFERROR(VALUE(LEFT(F44,FIND("-",F44)-1)),100))+1))/IF(IF(ISBLANK(M44),G44,M44)="High",5,IF(IF(ISBLANK(M44),G44,M44)="Medium",3,1)),2) -> 9.21 | O44: Not Started | P44: intent بالا — کاربر آماده خرید
A45: 424 | B45: 3 | C45: AR | D45: تكلفة تحليل دم في مسقط | E45: Commercial | F45: 150-400 | G45: Low | H45: Cost | I45: Lab | J45: /ar/articles/blood-test-cost | K45: =ROUND((IF(E45="Transactional",5,IF(E45="Commercial",4,IF(E45="Comparison",3,IF(E45="Informational",2,3))))*LOG10(IF(ISNUMBER(L45),L45,IFERROR(VALUE(LEFT(F45,FIND("-",F45)-1)),100))+1))/IF(IF(ISBLANK(M45),G45,M45)="High",5,IF(IF(ISBLANK(M45),G45,M45)="Medium",3,1)),2) -> 8.72 | O45: Not Started
A46: 425 | B46: 3 | C46: EN | D46: vitamin D test cost Muscat | E46: Commercial | F46: 200-500 | G46: Low | H46: Cost | I46: Lab | J46: /en/articles/vitamin-d-test-cost-muscat | K46: =ROUND((IF(E46="Transactional",5,IF(E46="Commercial",4,IF(E46="Comparison",3,IF(E46="Informational",2,3))))*LOG10(IF(ISNUMBER(L46),L46,IFERROR(VALUE(LEFT(F46,FIND("-",F46)-1)),100))+1))/IF(IF(ISBLANK(M46),G46,M46)="High",5,IF(IF(ISBLANK(M46),G46,M46)="Medium",3,1)),2) -> 9.21 | O46: Not Started | P46: intent بالا — کاربر آماده خرید
A47: 426 | B47: 3 | C47: AR | D47: تكلفة فحص فيتامين D في مسقط | E47: Commercial | F47: 150-400 | G47: Low | H47: Cost | I47: Lab | J47: /ar/articles/vitamin-d-test-cost | K47: =ROUND((IF(E47="Transactional",5,IF(E47="Commercial",4,IF(E47="Comparison",3,IF(E47="Informational",2,3))))*LOG10(IF(ISNUMBER(L47),L47,IFERROR(VALUE(LEFT(F47,FIND("-",F47)-1)),100))+1))/IF(IF(ISBLANK(M47),G47,M47)="High",5,IF(IF(ISBLANK(M47),G47,M47)="Medium",3,1)),2) -> 8.72 | O47: Not Started
A48: 427 | B48: 3 | C48: EN | D48: thyroid test cost Muscat | E48: Commercial | F48: 200-500 | G48: Low | H48: Cost | I48: Lab | J48: /en/articles/thyroid-test-cost-muscat | K48: =ROUND((IF(E48="Transactional",5,IF(E48="Commercial",4,IF(E48="Comparison",3,IF(E48="Informational",2,3))))*LOG10(IF(ISNUMBER(L48),L48,IFERROR(VALUE(LEFT(F48,FIND("-",F48)-1)),100))+1))/IF(IF(ISBLANK(M48),G48,M48)="High",5,IF(IF(ISBLANK(M48),G48,M48)="Medium",3,1)),2) -> 9.21 | O48: Not Started | P48: intent بالا — کاربر آماده خرید
A49: 428 | B49: 3 | C49: AR | D49: تكلفة فحص الغدة في مسقط | E49: Commercial | F49: 150-400 | G49: Low | H49: Cost | I49: Lab | J49: /ar/articles/thyroid-test-cost | K49: =ROUND((IF(E49="Transactional",5,IF(E49="Commercial",4,IF(E49="Comparison",3,IF(E49="Informational",2,3))))*LOG10(IF(ISNUMBER(L49),L49,IFERROR(VALUE(LEFT(F49,FIND("-",F49)-1)),100))+1))/IF(IF(ISBLANK(M49),G49,M49)="High",5,IF(IF(ISBLANK(M49),G49,M49)="Medium",3,1)),2) -> 8.72 | O49: Not Started
A50: 429 | B50: 3 | C50: EN | D50: colonoscopy cost Muscat | E50: Commercial | F50: 100-300 | G50: Low | H50: Cost | I50: Gastro | J50: /en/articles/colonoscopy-cost-muscat | K50: =ROUND((IF(E50="Transactional",5,IF(E50="Commercial",4,IF(E50="Comparison",3,IF(E50="Informational",2,3))))*LOG10(IF(ISNUMBER(L50),L50,IFERROR(VALUE(LEFT(F50,FIND("-",F50)-1)),100))+1))/IF(IF(ISBLANK(M50),G50,M50)="High",5,IF(IF(ISBLANK(M50),G50,M50)="Medium",3,1)),2) -> 8.02 | O50: Not Started | P50: intent بالا — کاربر آماده خرید
A51: 430 | B51: 3 | C51: AR | D51: تكلفة منظار القولون في مسقط | E51: Commercial | F51: 80-250 | G51: Low | H51: Cost | I51: Gastro | J51: /ar/articles/colonoscopy-cost | K51: =ROUND((IF(E51="Transactional",5,IF(E51="Commercial",4,IF(E51="Comparison",3,IF(E51="Informational",2,3))))*LOG10(IF(ISNUMBER(L51),L51,IFERROR(VALUE(LEFT(F51,FIND("-",F51)-1)),100))+1))/IF(IF(ISBLANK(M51),G51,M51)="High",5,IF(IF(ISBLANK(M51),G51,M51)="Medium",3,1)),2) -> 7.63 | O51: Not Started
A52: 431 | B52: 3 | C52: EN | D52: endoscopy cost Muscat | E52: Commercial | F52: 100-300 | G52: Low | H52: Cost | I52: Gastro | J52: /en/articles/endoscopy-cost-muscat | K52: =ROUND((IF(E52="Transactional",5,IF(E52="Commercial",4,IF(E52="Comparison",3,IF(E52="Informational",2,3))))*LOG10(IF(ISNUMBER(L52),L52,IFERROR(VALUE(LEFT(F52,FIND("-",F52)-1)),100))+1))/IF(IF(ISBLANK(M52),G52,M52)="High",5,IF(IF(ISBLANK(M52),G52,M52)="Medium",3,1)),2) -> 8.02 | O52: Not Started | P52: intent بالا — کاربر آماده خرید
A53: 432 | B53: 3 | C53: AR | D53: تكلفة منظار في مسقط | E53: Commercial | F53: 80-250 | G53: Low | H53: Cost | I53: Gastro | J53: /ar/articles/endoscopy-cost | K53: =ROUND((IF(E53="Transactional",5,IF(E53="Commercial",4,IF(E53="Comparison",3,IF(E53="Informational",2,3))))*LOG10(IF(ISNUMBER(L53),L53,IFERROR(VALUE(LEFT(F53,FIND("-",F53)-1)),100))+1))/IF(IF(ISBLANK(M53),G53,M53)="High",5,IF(IF(ISBLANK(M53),G53,M53)="Medium",3,1)),2) -> 7.63 | O53: Not Started

Sheet ۰۷_Tier4_Symptoms
A1: # | B1: Tier | C1: Lang | D1: Keyword | E1: Intent | F1: Est. Volume | G1: Est. Comp. | H1: Pattern | I1: Cluster | J1: Target URL | K1: Priority | L1: Actual Vol. | M1: Actual Diff. | N1: Current Rank | O1: Status | P1: Notes
A2: 433 | B2: 4 | C2: EN | D2: tooth pain treatment Muscat | E2: Transactional | F2: 500-1200 | G2: Low | H2: Symptom | I2: Dental | J2: /en/articles/tooth-pain-treatment-muscat | K2: =ROUND((IF(E2="Transactional",5,IF(E2="Commercial",4,IF(E2="Comparison",3,IF(E2="Informational",2,3))))*LOG10(IF(ISNUMBER(L2),L2,IFERROR(VALUE(LEFT(F2,FIND("-",F2)-1)),100))+1))/IF(IF(ISBLANK(M2),G2,M2)="High",5,IF(IF(ISBLANK(M2),G2,M2)="Medium",3,1)),2) -> 13.5 | O2: Not Started | P2: بازدید بالا — کاربر دارای درد فوری
A3: 434 | B3: 4 | C3: AR | D3: علاج ألم الأسنان في مسقط | E3: Transactional | F3: 400-1000 | G3: Low | H3: Symptom | I3: Dental | J3: /ar/articles/tooth-pain-treatment | K3: =ROUND((IF(E3="Transactional",5,IF(E3="Commercial",4,IF(E3="Comparison",3,IF(E3="Informational",2,3))))*LOG10(IF(ISNUMBER(L3),L3,IFERROR(VALUE(LEFT(F3,FIND("-",F3)-1)),100))+1))/IF(IF(ISBLANK(M3),G3,M3)="High",5,IF(IF(ISBLANK(M3),G3,M3)="Medium",3,1)),2) -> 13.02 | O3: Not Started
A4: 435 | B4: 4 | C4: EN | D4: gum disease treatment Muscat | E4: Commercial | F4: 300-700 | G4: Low | H4: Symptom | I4: Dental | J4: /en/articles/gum-disease-treatment-muscat | K4: =ROUND((IF(E4="Transactional",5,IF(E4="Commercial",4,IF(E4="Comparison",3,IF(E4="Informational",2,3))))*LOG10(IF(ISNUMBER(L4),L4,IFERROR(VALUE(LEFT(F4,FIND("-",F4)-1)),100))+1))/IF(IF(ISBLANK(M4),G4,M4)="High",5,IF(IF(ISBLANK(M4),G4,M4)="Medium",3,1)),2) -> 9.91 | O4: Not Started | P4: بازدید بالا — کاربر دارای درد فوری
A5: 436 | B5: 4 | C5: AR | D5: علاج اللثة في مسقط | E5: Commercial | F5: 250-600 | G5: Low | H5: Symptom | I5: Dental | J5: /ar/articles/gum-disease-treatment | K5: =ROUND((IF(E5="Transactional",5,IF(E5="Commercial",4,IF(E5="Comparison",3,IF(E5="Informational",2,3))))*LOG10(IF(ISNUMBER(L5),L5,IFERROR(VALUE(LEFT(F5,FIND("-",F5)-1)),100))+1))/IF(IF(ISBLANK(M5),G5,M5)="High",5,IF(IF(ISBLANK(M5),G5,M5)="Medium",3,1)),2) -> 9.6 | O5: Not Started
A6: 437 | B6: 4 | C6: EN | D6: bad breath treatment Muscat | E6: Commercial | F6: 150-400 | G6: Low | H6: Symptom | I6: Dental | J6: /en/articles/bad-breath-treatment-muscat | K6: =ROUND((IF(E6="Transactional",5,IF(E6="Commercial",4,IF(E6="Comparison",3,IF(E6="Informational",2,3))))*LOG10(IF(ISNUMBER(L6),L6,IFERROR(VALUE(LEFT(F6,FIND("-",F6)-1)),100))+1))/IF(IF(ISBLANK(M6),G6,M6)="High",5,IF(IF(ISBLANK(M6),G6,M6)="Medium",3,1)),2) -> 8.72 | O6: Not Started | P6: بازدید بالا — کاربر دارای درد فوری
A7: 438 | B7: 4 | C7: AR | D7: علاج رائحة الفم في مسقط | E7: Commercial | F7: 130-350 | G7: Low | H7: Symptom | I7: Dental | J7: /ar/articles/bad-breath-treatment | K7: =ROUND((IF(E7="Transactional",5,IF(E7="Commercial",4,IF(E7="Comparison",3,IF(E7="Informational",2,3))))*LOG10(IF(ISNUMBER(L7),L7,IFERROR(VALUE(LEFT(F7,FIND("-",F7)-1)),100))+1))/IF(IF(ISBLANK(M7),G7,M7)="High",5,IF(IF(ISBLANK(M7),G7,M7)="Medium",3,1)),2) -> 8.47 | O7: Not Started
A8: 439 | B8: 4 | C8: EN | D8: sensitive teeth treatment Muscat | E8: Commercial | F8: 300-700 | G8: Low | H8: Symptom | I8: Dental | J8: /en/articles/sensitive-teeth-treatment-muscat | K8: =ROUND((IF(E8="Transactional",5,IF(E8="Commercial",4,IF(E8="Comparison",3,IF(E8="Informational",2,3))))*LOG10(IF(ISNUMBER(L8),L8,IFERROR(VALUE(LEFT(F8,FIND("-",F8)-1)),100))+1))/IF(IF(ISBLANK(M8),G8,M8)="High",5,IF(IF(ISBLANK(M8),G8,M8)="Medium",3,1)),2) -> 9.91 | O8: Not Started | P8: بازدید بالا — کاربر دارای درد فوری
A9: 440 | B9: 4 | C9: AR | D9: علاج حساسية الأسنان في مسقط | E9: Commercial | F9: 250-600 | G9: Low | H9: Symptom | I9: Dental | J9: /ar/articles/sensitive-teeth-treatment | K9: =ROUND((IF(E9="Transactional",5,IF(E9="Commercial",4,IF(E9="Comparison",3,IF(E9="Informational",2,3))))*LOG10(IF(ISNUMBER(L9),L9,IFERROR(VALUE(LEFT(F9,FIND("-",F9)-1)),100))+1))/IF(IF(ISBLANK(M9),G9,M9)="High",5,IF(IF(ISBLANK(M9),G9,M9)="Medium",3,1)),2) -> 9.6 | O9: Not Started
A10: 441 | B10: 4 | C10: EN | D10: acne treatment Muscat | E10: Commercial | F10: 500-1200 | G10: Low | H10: Symptom | I10: Skin | J10: /en/articles/acne-treatment-muscat | K10: =ROUND((IF(E10="Transactional",5,IF(E10="Commercial",4,IF(E10="Comparison",3,IF(E10="Informational",2,3))))*LOG10(IF(ISNUMBER(L10),L10,IFERROR(VALUE(LEFT(F10,FIND("-",F10)-1)),100))+1))/IF(IF(ISBLANK(M10),G10,M10)="High",5,IF(IF(ISBLANK(M10),G10,M10)="Medium",3,1)),2) -> 10.8 | O10: Not Started | P10: بازدید بالا — کاربر دارای درد فوری
A11: 442 | B11: 4 | C11: AR | D11: علاج حب الشباب في مسقط | E11: Commercial | F11: 400-1000 | G11: Low | H11: Symptom | I11: Skin | J11: /ar/articles/acne-treatment | K11: =ROUND((IF(E11="Transactional",5,IF(E11="Commercial",4,IF(E11="Comparison",3,IF(E11="Informational",2,3))))*LOG10(IF(ISNUMBER(L11),L11,IFERROR(VALUE(LEFT(F11,FIND("-",F11)-1)),100))+1))/IF(IF(ISBLANK(M11),G11,M11)="High",5,IF(IF(ISBLANK(M11),G11,M11)="Medium",3,1)),2) -> 10.41 | O11: Not Started
A12: 443 | B12: 4 | C12: EN | D12: melasma treatment Muscat | E12: Commercial | F12: 300-700 | G12: Low | H12: Symptom | I12: Skin | J12: /en/articles/melasma-treatment-muscat | K12: =ROUND((IF(E12="Transactional",5,IF(E12="Commercial",4,IF(E12="Comparison",3,IF(E12="Informational",2,3))))*LOG10(IF(ISNUMBER(L12),L12,IFERROR(VALUE(LEFT(F12,FIND("-",F12)-1)),100))+1))/IF(IF(ISBLANK(M12),G12,M12)="High",5,IF(IF(ISBLANK(M12),G12,M12)="Medium",3,1)),2) -> 9.91 | O12: Not Started | P12: بازدید بالا — کاربر دارای درد فوری
A13: 444 | B13: 4 | C13: AR | D13: علاج الكلف في مسقط | E13: Commercial | F13: 250-600 | G13: Low | H13: Symptom | I13: Skin | J13: /ar/articles/melasma-treatment | K13: =ROUND((IF(E13="Transactional",5,IF(E13="Commercial",4,IF(E13="Comparison",3,IF(E13="Informational",2,3))))*LOG10(IF(ISNUMBER(L13),L13,IFERROR(VALUE(LEFT(F13,FIND("-",F13)-1)),100))+1))/IF(IF(ISBLANK(M13),G13,M13)="High",5,IF(IF(ISBLANK(M13),G13,M13)="Medium",3,1)),2) -> 9.6 | O13: Not Started
A14: 445 | B14: 4 | C14: EN | D14: eczema treatment Muscat | E14: Commercial | F14: 300-700 | G14: Low | H14: Symptom | I14: Skin | J14: /en/articles/eczema-treatment-muscat | K14: =ROUND((IF(E14="Transactional",5,IF(E14="Commercial",4,IF(E14="Comparison",3,IF(E14="Informational",2,3))))*LOG10(IF(ISNUMBER(L14),L14,IFERROR(VALUE(LEFT(F14,FIND("-",F14)-1)),100))+1))/IF(IF(ISBLANK(M14),G14,M14)="High",5,IF(IF(ISBLANK(M14),G14,M14)="Medium",3,1)),2) -> 9.91 | O14: Not Started | P14: بازدید بالا — کاربر دارای درد فوری
A15: 446 | B15: 4 | C15: AR | D15: علاج الإكزيما في مسقط | E15: Commercial | F15: 250-600 | G15: Low | H15: Symptom | I15: Skin | J15: /ar/articles/eczema-treatment | K15: =ROUND((IF(E15="Transactional",5,IF(E15="Commercial",4,IF(E15="Comparison",3,IF(E15="Informational",2,3))))*LOG10(IF(ISNUMBER(L15),L15,IFERROR(VALUE(LEFT(F15,FIND("-",F15)-1)),100))+1))/IF(IF(ISBLANK(M15),G15,M15)="High",5,IF(IF(ISBLANK(M15),G15,M15)="Medium",3,1)),2) -> 9.6 | O15: Not Started
A16: 447 | B16: 4 | C16: EN | D16: psoriasis treatment Muscat | E16: Commercial | F16: 150-400 | G16: Low | H16: Symptom | I16: Skin | J16: /en/articles/psoriasis-treatment-muscat | K16: =ROUND((IF(E16="Transactional",5,IF(E16="Commercial",4,IF(E16="Comparison",3,IF(E16="Informational",2,3))))*LOG10(IF(ISNUMBER(L16),L16,IFERROR(VALUE(LEFT(F16,FIND("-",F16)-1)),100))+1))/IF(IF(ISBLANK(M16),G16,M16)="High",5,IF(IF(ISBLANK(M16),G16,M16)="Medium",3,1)),2) -> 8.72 | O16: Not Started | P16: بازدید بالا — کاربر دارای درد فوری
A17: 448 | B17: 4 | C17: AR | D17: علاج الصدفية في مسقط | E17: Commercial | F17: 130-350 | G17: Low | H17: Symptom | I17: Skin | J17: /ar/articles/psoriasis-treatment | K17: =ROUND((IF(E17="Transactional",5,IF(E17="Commercial",4,IF(E17="Comparison",3,IF(E17="Informational",2,3))))*LOG10(IF(ISNUMBER(L17),L17,IFERROR(VALUE(LEFT(F17,FIND("-",F17)-1)),100))+1))/IF(IF(ISBLANK(M17),G17,M17)="High",5,IF(IF(ISBLANK(M17),G17,M17)="Medium",3,1)),2) -> 8.47 | O17: Not Started
A18: 449 | B18: 4 | C18: EN | D18: hair loss treatment Muscat | E18: Commercial | F18: 500-1200 | G18: Low | H18: Symptom | I18: Skin | J18: /en/articles/hair-loss-treatment-muscat | K18: =ROUND((IF(E18="Transactional",5,IF(E18="Commercial",4,IF(E18="Comparison",3,IF(E18="Informational",2,3))))*LOG10(IF(ISNUMBER(L18),L18,IFERROR(VALUE(LEFT(F18,FIND("-",F18)-1)),100))+1))/IF(IF(ISBLANK(M18),G18,M18)="High",5,IF(IF(ISBLANK(M18),G18,M18)="Medium",3,1)),2) -> 10.8 | O18: Not Started | P18: بازدید بالا — کاربر دارای درد فوری
A19: 450 | B19: 4 | C19: AR | D19: علاج تساقط الشعر في مسقط | E19: Commercial | F19: 400-1000 | G19: Low | H19: Symptom | I19: Skin | J19: /ar/articles/hair-loss-treatment | K19: =ROUND((IF(E19="Transactional",5,IF(E19="Commercial",4,IF(E19="Comparison",3,IF(E19="Informational",2,3))))*LOG10(IF(ISNUMBER(L19),L19,IFERROR(VALUE(LEFT(F19,FIND("-",F19)-1)),100))+1))/IF(IF(ISBLANK(M19),G19,M19)="High",5,IF(IF(ISBLANK(M19),G19,M19)="Medium",3,1)),2) -> 10.41 | O19: Not Started
A20: 451 | B20: 4 | C20: EN | D20: dandruff treatment Muscat | E20: Commercial | F20: 300-700 | G20: Low | H20: Symptom | I20: Skin | J20: /en/articles/dandruff-treatment-muscat | K20: =ROUND((IF(E20="Transactional",5,IF(E20="Commercial",4,IF(E20="Comparison",3,IF(E20="Informational",2,3))))*LOG10(IF(ISNUMBER(L20),L20,IFERROR(VALUE(LEFT(F20,FIND("-",F20)-1)),100))+1))/IF(IF(ISBLANK(M20),G20,M20)="High",5,IF(IF(ISBLANK(M20),G20,M20)="Medium",3,1)),2) -> 9.91 | O20: Not Started | P20: بازدید بالا — کاربر دارای درد فوری
A21: 452 | B21: 4 | C21: AR | D21: علاج القشرة في مسقط | E21: Commercial | F21: 250-600 | G21: Low | H21: Symptom | I21: Skin | J21: /ar/articles/dandruff-treatment | K21: =ROUND((IF(E21="Transactional",5,IF(E21="Commercial",4,IF(E21="Comparison",3,IF(E21="Informational",2,3))))*LOG10(IF(ISNUMBER(L21),L21,IFERROR(VALUE(LEFT(F21,FIND("-",F21)-1)),100))+1))/IF(IF(ISBLANK(M21),G21,M21)="High",5,IF(IF(ISBLANK(M21),G21,M21)="Medium",3,1)),2) -> 9.6 | O21: Not Started
A22: 453 | B22: 4 | C22: EN | D22: dark circles treatment Muscat | E22: Commercial | F22: 300-700 | G22: Low | H22: Symptom | I22: Skin | J22: /en/articles/dark-circles-treatment-muscat | K22: =ROUND((IF(E22="Transactional",5,IF(E22="Commercial",4,IF(E22="Comparison",3,IF(E22="Informational",2,3))))*LOG10(IF(ISNUMBER(L22),L22,IFERROR(VALUE(LEFT(F22,FIND("-",F22)-1)),100))+1))/IF(IF(ISBLANK(M22),G22,M22)="High",5,IF(IF(ISBLANK(M22),G22,M22)="Medium",3,1)),2) -> 9.91 | O22: Not Started | P22: بازدید بالا — کاربر دارای درد فوری
A23: 454 | B23: 4 | C23: AR | D23: علاج الهالات السوداء في مسقط | E23: Commercial | F23: 250-600 | G23: Low | H23: Symptom | I23: Skin | J23: /ar/articles/dark-circles-treatment | K23: =ROUND((IF(E23="Transactional",5,IF(E23="Commercial",4,IF(E23="Comparison",3,IF(E23="Informational",2,3))))*LOG10(IF(ISNUMBER(L23),L23,IFERROR(VALUE(LEFT(F23,FIND("-",F23)-1)),100))+1))/IF(IF(ISBLANK(M23),G23,M23)="High",5,IF(IF(ISBLANK(M23),G23,M23)="Medium",3,1)),2) -> 9.6 | O23: Not Started
A24: 455 | B24: 4 | C24: EN | D24: stretch marks treatment Muscat | E24: Commercial | F24: 150-400 | G24: Low | H24: Symptom | I24: Skin | J24: /en/articles/stretch-marks-treatment-muscat | K24: =ROUND((IF(E24="Transactional",5,IF(E24="Commercial",4,IF(E24="Comparison",3,IF(E24="Informational",2,3))))*LOG10(IF(ISNUMBER(L24),L24,IFERROR(VALUE(LEFT(F24,FIND("-",F24)-1)),100))+1))/IF(IF(ISBLANK(M24),G24,M24)="High",5,IF(IF(ISBLANK(M24),G24,M24)="Medium",3,1)),2) -> 8.72 | O24: Not Started | P24: بازدید بالا — کاربر دارای درد فوری
A25: 456 | B25: 4 | C25: AR | D25: علاج تشققات الجلد في مسقط | E25: Commercial | F25: 130-350 | G25: Low | H25: Symptom | I25: Skin | J25: /ar/articles/stretch-marks-treatment | K25: =ROUND((IF(E25="Transactional",5,IF(E25="Commercial",4,IF(E25="Comparison",3,IF(E25="Informational",2,3))))*LOG10(IF(ISNUMBER(L25),L25,IFERROR(VALUE(LEFT(F25,FIND("-",F25)-1)),100))+1))/IF(IF(ISBLANK(M25),G25,M25)="High",5,IF(IF(ISBLANK(M25),G25,M25)="Medium",3,1)),2) -> 8.47 | O25: Not Started
A26: 457 | B26: 4 | C26: EN | D26: dry eyes treatment Muscat | E26: Commercial | F26: 300-700 | G26: Low | H26: Symptom | I26: Eye | J26: /en/articles/dry-eyes-treatment-muscat | K26: =ROUND((IF(E26="Transactional",5,IF(E26="Commercial",4,IF(E26="Comparison",3,IF(E26="Informational",2,3))))*LOG10(IF(ISNUMBER(L26),L26,IFERROR(VALUE(LEFT(F26,FIND("-",F26)-1)),100))+1))/IF(IF(ISBLANK(M26),G26,M26)="High",5,IF(IF(ISBLANK(M26),G26,M26)="Medium",3,1)),2) -> 9.91 | O26: Not Started | P26: بازدید بالا — کاربر دارای درد فوری
A27: 458 | B27: 4 | C27: AR | D27: علاج جفاف العين في مسقط | E27: Commercial | F27: 250-600 | G27: Low | H27: Symptom | I27: Eye | J27: /ar/articles/dry-eyes-treatment | K27: =ROUND((IF(E27="Transactional",5,IF(E27="Commercial",4,IF(E27="Comparison",3,IF(E27="Informational",2,3))))*LOG10(IF(ISNUMBER(L27),L27,IFERROR(VALUE(LEFT(F27,FIND("-",F27)-1)),100))+1))/IF(IF(ISBLANK(M27),G27,M27)="High",5,IF(IF(ISBLANK(M27),G27,M27)="Medium",3,1)),2) -> 9.6 | O27: Not Started
A28: 459 | B28: 4 | C28: EN | D28: red eyes Muscat | E28: Informational | F28: 150-400 | G28: Low | H28: Symptom | I28: Eye | J28: /en/articles/red-eyes-muscat | K28: =ROUND((IF(E28="Transactional",5,IF(E28="Commercial",4,IF(E28="Comparison",3,IF(E28="Informational",2,3))))*LOG10(IF(ISNUMBER(L28),L28,IFERROR(VALUE(LEFT(F28,FIND("-",F28)-1)),100))+1))/IF(IF(ISBLANK(M28),G28,M28)="High",5,IF(IF(ISBLANK(M28),G28,M28)="Medium",3,1)),2) -> 4.36 | O28: Not Started | P28: بازدید بالا — کاربر دارای درد فوری
A29: 460 | B29: 4 | C29: AR | D29: احمرار العين في مسقط | E29: Informational | F29: 130-350 | G29: Low | H29: Symptom | I29: Eye | J29: /ar/articles/red-eyes | K29: =ROUND((IF(E29="Transactional",5,IF(E29="Commercial",4,IF(E29="Comparison",3,IF(E29="Informational",2,3))))*LOG10(IF(ISNUMBER(L29),L29,IFERROR(VALUE(LEFT(F29,FIND("-",F29)-1)),100))+1))/IF(IF(ISBLANK(M29),G29,M29)="High",5,IF(IF(ISBLANK(M29),G29,M29)="Medium",3,1)),2) -> 4.23 | O29: Not Started
A30: 461 | B30: 4 | C30: EN | D30: vision problems Muscat | E30: Informational | F30: 300-700 | G30: Low | H30: Symptom | I30: Eye | J30: /en/articles/vision-problems-muscat | K30: =ROUND((IF(E30="Transactional",5,IF(E30="Commercial",4,IF(E30="Comparison",3,IF(E30="Informational",2,3))))*LOG10(IF(ISNUMBER(L30),L30,IFERROR(VALUE(LEFT(F30,FIND("-",F30)-1)),100))+1))/IF(IF(ISBLANK(M30),G30,M30)="High",5,IF(IF(ISBLANK(M30),G30,M30)="Medium",3,1)),2) -> 4.96 | O30: Not Started | P30: بازدید بالا — کاربر دارای درد فوری
A31: 462 | B31: 4 | C31: AR | D31: مشاكل النظر في مسقط | E31: Informational | F31: 250-600 | G31: Low | H31: Symptom | I31: Eye | J31: /ar/articles/vision-problems | K31: =ROUND((IF(E31="Transactional",5,IF(E31="Commercial",4,IF(E31="Comparison",3,IF(E31="Informational",2,3))))*LOG10(IF(ISNUMBER(L31),L31,IFERROR(VALUE(LEFT(F31,FIND("-",F31)-1)),100))+1))/IF(IF(ISBLANK(M31),G31,M31)="High",5,IF(IF(ISBLANK(M31),G31,M31)="Medium",3,1)),2) -> 4.8 | O31: Not Started
A32: 463 | B32: 4 | C32: EN | D32: ear pain treatment Muscat | E32: Transactional | F32: 300-700 | G32: Low | H32: Symptom | I32: ENT | J32: /en/articles/ear-pain-treatment-muscat | K32: =ROUND((IF(E32="Transactional",5,IF(E32="Commercial",4,IF(E32="Comparison",3,IF(E32="Informational",2,3))))*LOG10(IF(ISNUMBER(L32),L32,IFERROR(VALUE(LEFT(F32,FIND("-",F32)-1)),100))+1))/IF(IF(ISBLANK(M32),G32,M32)="High",5,IF(IF(ISBLANK(M32),G32,M32)="Medium",3,1)),2) -> 12.39 | O32: Not Started | P32: بازدید بالا — کاربر دارای درد فوری
A33: 464 | B33: 4 | C33: AR | D33: علاج ألم الأذن في مسقط | E33: Transactional | F33: 250-600 | G33: Low | H33: Symptom | I33: ENT | J33: /ar/articles/ear-pain-treatment | K33: =ROUND((IF(E33="Transactional",5,IF(E33="Commercial",4,IF(E33="Comparison",3,IF(E33="Informational",2,3))))*LOG10(IF(ISNUMBER(L33),L33,IFERROR(VALUE(LEFT(F33,FIND("-",F33)-1)),100))+1))/IF(IF(ISBLANK(M33),G33,M33)="High",5,IF(IF(ISBLANK(M33),G33,M33)="Medium",3,1)),2) -> 12 | O33: Not Started
A34: 465 | B34: 4 | C34: EN | D34: sinus treatment Muscat | E34: Commercial | F34: 300-700 | G34: Low | H34: Symptom | I34: ENT | J34: /en/articles/sinus-treatment-muscat | K34: =ROUND((IF(E34="Transactional",5,IF(E34="Commercial",4,IF(E34="Comparison",3,IF(E34="Informational",2,3))))*LOG10(IF(ISNUMBER(L34),L34,IFERROR(VALUE(LEFT(F34,FIND("-",F34)-1)),100))+1))/IF(IF(ISBLANK(M34),G34,M34)="High",5,IF(IF(ISBLANK(M34),G34,M34)="Medium",3,1)),2) -> 9.91 | O34: Not Started | P34: بازدید بالا — کاربر دارای درد فوری
A35: 466 | B35: 4 | C35: AR | D35: علاج الجيوب الأنفية في مسقط | E35: Commercial | F35: 250-600 | G35: Low | H35: Symptom | I35: ENT | J35: /ar/articles/sinus-treatment | K35: =ROUND((IF(E35="Transactional",5,IF(E35="Commercial",4,IF(E35="Comparison",3,IF(E35="Informational",2,3))))*LOG10(IF(ISNUMBER(L35),L35,IFERROR(VALUE(LEFT(F35,FIND("-",F35)-1)),100))+1))/IF(IF(ISBLANK(M35),G35,M35)="High",5,IF(IF(ISBLANK(M35),G35,M35)="Medium",3,1)),2) -> 9.6 | O35: Not Started
A36: 467 | B36: 4 | C36: EN | D36: tonsillitis treatment Muscat | E36: Commercial | F36: 300-700 | G36: Low | H36: Symptom | I36: ENT | J36: /en/articles/tonsillitis-treatment-muscat | K36: =ROUND((IF(E36="Transactional",5,IF(E36="Commercial",4,IF(E36="Comparison",3,IF(E36="Informational",2,3))))*LOG10(IF(ISNUMBER(L36),L36,IFERROR(VALUE(LEFT(F36,FIND("-",F36)-1)),100))+1))/IF(IF(ISBLANK(M36),G36,M36)="High",5,IF(IF(ISBLANK(M36),G36,M36)="Medium",3,1)),2) -> 9.91 | O36: Not Started | P36: بازدید بالا — کاربر دارای درد فوری
A37: 468 | B37: 4 | C37: AR | D37: علاج اللوزتين في مسقط | E37: Commercial | F37: 250-600 | G37: Low | H37: Symptom | I37: ENT | J37: /ar/articles/tonsillitis-treatment | K37: =ROUND((IF(E37="Transactional",5,IF(E37="Commercial",4,IF(E37="Comparison",3,IF(E37="Informational",2,3))))*LOG10(IF(ISNUMBER(L37),L37,IFERROR(VALUE(LEFT(F37,FIND("-",F37)-1)),100))+1))/IF(IF(ISBLANK(M37),G37,M37)="High",5,IF(IF(ISBLANK(M37),G37,M37)="Medium",3,1)),2) -> 9.6 | O37: Not Started
A38: 469 | B38: 4 | C38: EN | D38: snoring treatment Muscat | E38: Commercial | F38: 150-400 | G38: Low | H38: Symptom | I38: ENT | J38: /en/articles/snoring-treatment-muscat | K38: =ROUND((IF(E38="Transactional",5,IF(E38="Commercial",4,IF(E38="Comparison",3,IF(E38="Informational",2,3))))*LOG10(IF(ISNUMBER(L38),L38,IFERROR(VALUE(LEFT(F38,FIND("-",F38)-1)),100))+1))/IF(IF(ISBLANK(M38),G38,M38)="High",5,IF(IF(ISBLANK(M38),G38,M38)="Medium",3,1)),2) -> 8.72 | O38: Not Started | P38: بازدید بالا — کاربر دارای درد فوری
A39: 470 | B39: 4 | C39: AR | D39: علاج الشخير في مسقط | E39: Commercial | F39: 130-350 | G39: Low | H39: Symptom | I39: ENT | J39: /ar/articles/snoring-treatment | K39: =ROUND((IF(E39="Transactional",5,IF(E39="Commercial",4,IF(E39="Comparison",3,IF(E39="Informational",2,3))))*LOG10(IF(ISNUMBER(L39),L39,IFERROR(VALUE(LEFT(F39,FIND("-",F39)-1)),100))+1))/IF(IF(ISBLANK(M39),G39,M39)="High",5,IF(IF(ISBLANK(M39),G39,M39)="Medium",3,1)),2) -> 8.47 | O39: Not Started
A40: 471 | B40: 4 | C40: EN | D40: back pain treatment Muscat | E40: Transactional | F40: 500-1200 | G40: Low | H40: Symptom | I40: Orthopedic | J40: /en/articles/back-pain-treatment-muscat | K40: =ROUND((IF(E40="Transactional",5,IF(E40="Commercial",4,IF(E40="Comparison",3,IF(E40="Informational",2,3))))*LOG10(IF(ISNUMBER(L40),L40,IFERROR(VALUE(LEFT(F40,FIND("-",F40)-1)),100))+1))/IF(IF(ISBLANK(M40),G40,M40)="High",5,IF(IF(ISBLANK(M40),G40,M40)="Medium",3,1)),2) -> 13.5 | O40: Not Started | P40: بازدید بالا — کاربر دارای درد فوری
A41: 472 | B41: 4 | C41: AR | D41: علاج آلام الظهر في مسقط | E41: Transactional | F41: 400-1000 | G41: Low | H41: Symptom | I41: Orthopedic | J41: /ar/articles/back-pain-treatment | K41: =ROUND((IF(E41="Transactional",5,IF(E41="Commercial",4,IF(E41="Comparison",3,IF(E41="Informational",2,3))))*LOG10(IF(ISNUMBER(L41),L41,IFERROR(VALUE(LEFT(F41,FIND("-",F41)-1)),100))+1))/IF(IF(ISBLANK(M41),G41,M41)="High",5,IF(IF(ISBLANK(M41),G41,M41)="Medium",3,1)),2) -> 13.02 | O41: Not Started
A42: 473 | B42: 4 | C42: EN | D42: knee pain treatment Muscat | E42: Transactional | F42: 500-1200 | G42: Low | H42: Symptom | I42: Orthopedic | J42: /en/articles/knee-pain-treatment-muscat | K42: =ROUND((IF(E42="Transactional",5,IF(E42="Commercial",4,IF(E42="Comparison",3,IF(E42="Informational",2,3))))*LOG10(IF(ISNUMBER(L42),L42,IFERROR(VALUE(LEFT(F42,FIND("-",F42)-1)),100))+1))/IF(IF(ISBLANK(M42),G42,M42)="High",5,IF(IF(ISBLANK(M42),G42,M42)="Medium",3,1)),2) -> 13.5 | O42: Not Started | P42: بازدید بالا — کاربر دارای درد فوری
A43: 474 | B43: 4 | C43: AR | D43: علاج ألم الركبة في مسقط | E43: Transactional | F43: 400-1000 | G43: Low | H43: Symptom | I43: Orthopedic | J43: /ar/articles/knee-pain-treatment | K43: =ROUND((IF(E43="Transactional",5,IF(E43="Commercial",4,IF(E43="Comparison",3,IF(E43="Informational",2,3))))*LOG10(IF(ISNUMBER(L43),L43,IFERROR(VALUE(LEFT(F43,FIND("-",F43)-1)),100))+1))/IF(IF(ISBLANK(M43),G43,M43)="High",5,IF(IF(ISBLANK(M43),G43,M43)="Medium",3,1)),2) -> 13.02 | O43: Not Started
A44: 475 | B44: 4 | C44: EN | D44: shoulder pain treatment Muscat | E44: Commercial | F44: 300-700 | G44: Low | H44: Symptom | I44: Orthopedic | J44: /en/articles/shoulder-pain-treatment-muscat | K44: =ROUND((IF(E44="Transactional",5,IF(E44="Commercial",4,IF(E44="Comparison",3,IF(E44="Informational",2,3))))*LOG10(IF(ISNUMBER(L44),L44,IFERROR(VALUE(LEFT(F44,FIND("-",F44)-1)),100))+1))/IF(IF(ISBLANK(M44),G44,M44)="High",5,IF(IF(ISBLANK(M44),G44,M44)="Medium",3,1)),2) -> 9.91 | O44: Not Started | P44: بازدید بالا — کاربر دارای درد فوری
A45: 476 | B45: 4 | C45: AR | D45: علاج ألم الكتف في مسقط | E45: Commercial | F45: 250-600 | G45: Low | H45: Symptom | I45: Orthopedic | J45: /ar/articles/shoulder-pain-treatment | K45: =ROUND((IF(E45="Transactional",5,IF(E45="Commercial",4,IF(E45="Comparison",3,IF(E45="Informational",2,3))))*LOG10(IF(ISNUMBER(L45),L45,IFERROR(VALUE(LEFT(F45,FIND("-",F45)-1)),100))+1))/IF(IF(ISBLANK(M45),G45,M45)="High",5,IF(IF(ISBLANK(M45),G45,M45)="Medium",3,1)),2) -> 9.6 | O45: Not Started
A46: 477 | B46: 4 | C46: EN | D46: sciatica treatment Muscat | E46: Commercial | F46: 300-700 | G46: Low | H46: Symptom | I46: Orthopedic | J46: /en/articles/sciatica-treatment-muscat | K46: =ROUND((IF(E46="Transactional",5,IF(E46="Commercial",4,IF(E46="Comparison",3,IF(E46="Informational",2,3))))*LOG10(IF(ISNUMBER(L46),L46,IFERROR(VALUE(LEFT(F46,FIND("-",F46)-1)),100))+1))/IF(IF(ISBLANK(M46),G46,M46)="High",5,IF(IF(ISBLANK(M46),G46,M46)="Medium",3,1)),2) -> 9.91 | O46: Not Started | P46: بازدید بالا — کاربر دارای درد فوری
A47: 478 | B47: 4 | C47: AR | D47: علاج عرق النسا في مسقط | E47: Commercial | F47: 250-600 | G47: Low | H47: Symptom | I47: Orthopedic | J47: /ar/articles/sciatica-treatment | K47: =ROUND((IF(E47="Transactional",5,IF(E47="Commercial",4,IF(E47="Comparison",3,IF(E47="Informational",2,3))))*LOG10(IF(ISNUMBER(L47),L47,IFERROR(VALUE(LEFT(F47,FIND("-",F47)-1)),100))+1))/IF(IF(ISBLANK(M47),G47,M47)="High",5,IF(IF(ISBLANK(M47),G47,M47)="Medium",3,1)),2) -> 9.6 | O47: Not Started
A48: 479 | B48: 4 | C48: EN | D48: herniated disc treatment Muscat | E48: Commercial | F48: 150-400 | G48: Low | H48: Symptom | I48: Orthopedic | J48: /en/articles/herniated-disc-treatment-muscat | K48: =ROUND((IF(E48="Transactional",5,IF(E48="Commercial",4,IF(E48="Comparison",3,IF(E48="Informational",2,3))))*LOG10(IF(ISNUMBER(L48),L48,IFERROR(VALUE(LEFT(F48,FIND("-",F48)-1)),100))+1))/IF(IF(ISBLANK(M48),G48,M48)="High",5,IF(IF(ISBLANK(M48),G48,M48)="Medium",3,1)),2) -> 8.72 | O48: Not Started | P48: بازدید بالا — کاربر دارای درد فوری
A49: 480 | B49: 4 | C49: AR | D49: علاج الانزلاق الغضروفي في مسقط | E49: Commercial | F49: 130-350 | G49: Low | H49: Symptom | I49: Orthopedic | J49: /ar/articles/herniated-disc-treatment | K49: =ROUND((IF(E49="Transactional",5,IF(E49="Commercial",4,IF(E49="Comparison",3,IF(E49="Informational",2,3))))*LOG10(IF(ISNUMBER(L49),L49,IFERROR(VALUE(LEFT(F49,FIND("-",F49)-1)),100))+1))/IF(IF(ISBLANK(M49),G49,M49)="High",5,IF(IF(ISBLANK(M49),G49,M49)="Medium",3,1)),2) -> 8.47 | O49: Not Started
A50: 481 | B50: 4 | C50: EN | D50: diabetes management Muscat | E50: Commercial | F50: 500-1200 | G50: Low | H50: Symptom | I50: Endocrine | J50: /en/articles/diabetes-management-muscat | K50: =ROUND((IF(E50="Transactional",5,IF(E50="Commercial",4,IF(E50="Comparison",3,IF(E50="Informational",2,3))))*LOG10(IF(ISNUMBER(L50),L50,IFERROR(VALUE(LEFT(F50,FIND("-",F50)-1)),100))+1))/IF(IF(ISBLANK(M50),G50,M50)="High",5,IF(IF(ISBLANK(M50),G50,M50)="Medium",3,1)),2) -> 10.8 | O50: Not Started | P50: بازدید بالا — کاربر دارای درد فوری
A51: 482 | B51: 4 | C51: AR | D51: إدارة السكري في مسقط | E51: Commercial | F51: 400-1000 | G51: Low | H51: Symptom | I51: Endocrine | J51: /ar/articles/diabetes-management | K51: =ROUND((IF(E51="Transactional",5,IF(E51="Commercial",4,IF(E51="Comparison",3,IF(E51="Informational",2,3))))*LOG10(IF(ISNUMBER(L51),L51,IFERROR(VALUE(LEFT(F51,FIND("-",F51)-1)),100))+1))/IF(IF(ISBLANK(M51),G51,M51)="High",5,IF(IF(ISBLANK(M51),G51,M51)="Medium",3,1)),2) -> 10.41 | O51: Not Started
A52: 483 | B52: 4 | C52: EN | D52: thyroid problems Muscat | E52: Informational | F52: 300-700 | G52: Low | H52: Symptom | I52: Endocrine | J52: /en/articles/thyroid-problems-muscat | K52: =ROUND((IF(E52="Transactional",5,IF(E52="Commercial",4,IF(E52="Comparison",3,IF(E52="Informational",2,3))))*LOG10(IF(ISNUMBER(L52),L52,IFERROR(VALUE(LEFT(F52,FIND("-",F52)-1)),100))+1))/IF(IF(ISBLANK(M52),G52,M52)="High",5,IF(IF(ISBLANK(M52),G52,M52)="Medium",3,1)),2) -> 4.96 | O52: Not Started | P52: بازدید بالا — کاربر دارای درد فوری
A53: 484 | B53: 4 | C53: AR | D53: مشاكل الغدة الدرقية في مسقط | E53: Informational | F53: 250-600 | G53: Low | H53: Symptom | I53: Endocrine | J53: /ar/articles/thyroid-problems | K53: =ROUND((IF(E53="Transactional",5,IF(E53="Commercial",4,IF(E53="Comparison",3,IF(E53="Informational",2,3))))*LOG10(IF(ISNUMBER(L53),L53,IFERROR(VALUE(LEFT(F53,FIND("-",F53)-1)),100))+1))/IF(IF(ISBLANK(M53),G53,M53)="High",5,IF(IF(ISBLANK(M53),G53,M53)="Medium",3,1)),2) -> 4.8 | O53: Not Started
A54: 485 | B54: 4 | C54: EN | D54: hypertension treatment Muscat | E54: Commercial | F54: 300-700 | G54: Low | H54: Symptom | I54: Heart | J54: /en/articles/hypertension-treatment-muscat | K54: =ROUND((IF(E54="Transactional",5,IF(E54="Commercial",4,IF(E54="Comparison",3,IF(E54="Informational",2,3))))*LOG10(IF(ISNUMBER(L54),L54,IFERROR(VALUE(LEFT(F54,FIND("-",F54)-1)),100))+1))/IF(IF(ISBLANK(M54),G54,M54)="High",5,IF(IF(ISBLANK(M54),G54,M54)="Medium",3,1)),2) -> 9.91 | O54: Not Started | P54: بازدید بالا — کاربر دارای درد فوری
A55: 486 | B55: 4 | C55: AR | D55: علاج ضغط الدم في مسقط | E55: Commercial | F55: 250-600 | G55: Low | H55: Symptom | I55: Heart | J55: /ar/articles/hypertension-treatment | K55: =ROUND((IF(E55="Transactional",5,IF(E55="Commercial",4,IF(E55="Comparison",3,IF(E55="Informational",2,3))))*LOG10(IF(ISNUMBER(L55),L55,IFERROR(VALUE(LEFT(F55,FIND("-",F55)-1)),100))+1))/IF(IF(ISBLANK(M55),G55,M55)="High",5,IF(IF(ISBLANK(M55),G55,M55)="Medium",3,1)),2) -> 9.6 | O55: Not Started
A56: 487 | B56: 4 | C56: EN | D56: chest pain Muscat | E56: Transactional | F56: 300-700 | G56: Low | H56: Symptom | I56: Heart | J56: /en/articles/chest-pain-muscat | K56: =ROUND((IF(E56="Transactional",5,IF(E56="Commercial",4,IF(E56="Comparison",3,IF(E56="Informational",2,3))))*LOG10(IF(ISNUMBER(L56),L56,IFERROR(VALUE(LEFT(F56,FIND("-",F56)-1)),100))+1))/IF(IF(ISBLANK(M56),G56,M56)="High",5,IF(IF(ISBLANK(M56),G56,M56)="Medium",3,1)),2) -> 12.39 | O56: Not Started | P56: بازدید بالا — کاربر دارای درد فوری
A57: 488 | B57: 4 | C57: AR | D57: ألم الصدر في مسقط | E57: Transactional | F57: 250-600 | G57: Low | H57: Symptom | I57: Heart | J57: /ar/articles/chest-pain | K57: =ROUND((IF(E57="Transactional",5,IF(E57="Commercial",4,IF(E57="Comparison",3,IF(E57="Informational",2,3))))*LOG10(IF(ISNUMBER(L57),L57,IFERROR(VALUE(LEFT(F57,FIND("-",F57)-1)),100))+1))/IF(IF(ISBLANK(M57),G57,M57)="High",5,IF(IF(ISBLANK(M57),G57,M57)="Medium",3,1)),2) -> 12 | O57: Not Started
A58: 489 | B58: 4 | C58: EN | D58: irregular heartbeat Muscat | E58: Informational | F58: 150-400 | G58: Low | H58: Symptom | I58: Heart | J58: /en/articles/irregular-heartbeat-muscat | K58: =ROUND((IF(E58="Transactional",5,IF(E58="Commercial",4,IF(E58="Comparison",3,IF(E58="Informational",2,3))))*LOG10(IF(ISNUMBER(L58),L58,IFERROR(VALUE(LEFT(F58,FIND("-",F58)-1)),100))+1))/IF(IF(ISBLANK(M58),G58,M58)="High",5,IF(IF(ISBLANK(M58),G58,M58)="Medium",3,1)),2) -> 4.36 | O58: Not Started | P58: بازدید بالا — کاربر دارای درد فوری
A59: 490 | B59: 4 | C59: AR | D59: عدم انتظام ضربات القلب في مسقط | E59: Informational | F59: 130-350 | G59: Low | H59: Symptom | I59: Heart | J59: /ar/articles/irregular-heartbeat | K59: =ROUND((IF(E59="Transactional",5,IF(E59="Commercial",4,IF(E59="Comparison",3,IF(E59="Informational",2,3))))*LOG10(IF(ISNUMBER(L59),L59,IFERROR(VALUE(LEFT(F59,FIND("-",F59)-1)),100))+1))/IF(IF(ISBLANK(M59),G59,M59)="High",5,IF(IF(ISBLANK(M59),G59,M59)="Medium",3,1)),2) -> 4.23 | O59: Not Started
A60: 491 | B60: 4 | C60: EN | D60: anxiety treatment Muscat | E60: Commercial | F60: 500-1200 | G60: Low | H60: Symptom | I60: Mental | J60: /en/articles/anxiety-treatment-muscat | K60: =ROUND((IF(E60="Transactional",5,IF(E60="Commercial",4,IF(E60="Comparison",3,IF(E60="Informational",2,3))))*LOG10(IF(ISNUMBER(L60),L60,IFERROR(VALUE(LEFT(F60,FIND("-",F60)-1)),100))+1))/IF(IF(ISBLANK(M60),G60,M60)="High",5,IF(IF(ISBLANK(M60),G60,M60)="Medium",3,1)),2) -> 10.8 | O60: Not Started | P60: بازدید بالا — کاربر دارای درد فوری
A61: 492 | B61: 4 | C61: AR | D61: علاج القلق في مسقط | E61: Commercial | F61: 400-1000 | G61: Low | H61: Symptom | I61: Mental | J61: /ar/articles/anxiety-treatment | K61: =ROUND((IF(E61="Transactional",5,IF(E61="Commercial",4,IF(E61="Comparison",3,IF(E61="Informational",2,3))))*LOG10(IF(ISNUMBER(L61),L61,IFERROR(VALUE(LEFT(F61,FIND("-",F61)-1)),100))+1))/IF(IF(ISBLANK(M61),G61,M61)="High",5,IF(IF(ISBLANK(M61),G61,M61)="Medium",3,1)),2) -> 10.41 | O61: Not Started
A62: 493 | B62: 4 | C62: EN | D62: depression treatment Muscat | E62: Commercial | F62: 500-1200 | G62: Low | H62: Symptom | I62: Mental | J62: /en/articles/depression-treatment-muscat | K62: =ROUND((IF(E62="Transactional",5,IF(E62="Commercial",4,IF(E62="Comparison",3,IF(E62="Informational",2,3))))*LOG10(IF(ISNUMBER(L62),L62,IFERROR(VALUE(LEFT(F62,FIND("-",F62)-1)),100))+1))/IF(IF(ISBLANK(M62),G62,M62)="High",5,IF(IF(ISBLANK(M62),G62,M62)="Medium",3,1)),2) -> 10.8 | O62: Not Started | P62: بازدید بالا — کاربر دارای درد فوری
A63: 494 | B63: 4 | C63: AR | D63: علاج الاكتئاب في مسقط | E63: Commercial | F63: 400-1000 | G63: Low | H63: Symptom | I63: Mental | J63: /ar/articles/depression-treatment | K63: =ROUND((IF(E63="Transactional",5,IF(E63="Commercial",4,IF(E63="Comparison",3,IF(E63="Informational",2,3))))*LOG10(IF(ISNUMBER(L63),L63,IFERROR(VALUE(LEFT(F63,FIND("-",F63)-1)),100))+1))/IF(IF(ISBLANK(M63),G63,M63)="High",5,IF(IF(ISBLANK(M63),G63,M63)="Medium",3,1)),2) -> 10.41 | O63: Not Started
A64: 495 | B64: 4 | C64: EN | D64: insomnia treatment Muscat | E64: Commercial | F64: 300-700 | G64: Low | H64: Symptom | I64: Mental | J64: /en/articles/insomnia-treatment-muscat | K64: =ROUND((IF(E64="Transactional",5,IF(E64="Commercial",4,IF(E64="Comparison",3,IF(E64="Informational",2,3))))*LOG10(IF(ISNUMBER(L64),L64,IFERROR(VALUE(LEFT(F64,FIND("-",F64)-1)),100))+1))/IF(IF(ISBLANK(M64),G64,M64)="High",5,IF(IF(ISBLANK(M64),G64,M64)="Medium",3,1)),2) -> 9.91 | O64: Not Started | P64: بازدید بالا — کاربر دارای درد فوری
A65: 496 | B65: 4 | C65: AR | D65: علاج الأرق في مسقط | E65: Commercial | F65: 250-600 | G65: Low | H65: Symptom | I65: Mental | J65: /ar/articles/insomnia-treatment | K65: =ROUND((IF(E65="Transactional",5,IF(E65="Commercial",4,IF(E65="Comparison",3,IF(E65="Informational",2,3))))*LOG10(IF(ISNUMBER(L65),L65,IFERROR(VALUE(LEFT(F65,FIND("-",F65)-1)),100))+1))/IF(IF(ISBLANK(M65),G65,M65)="High",5,IF(IF(ISBLANK(M65),G65,M65)="Medium",3,1)),2) -> 9.6 | O65: Not Started
A66: 497 | B66: 4 | C66: EN | D66: panic attack treatment Muscat | E66: Commercial | F66: 300-700 | G66: Low | H66: Symptom | I66: Mental | J66: /en/articles/panic-attack-treatment-muscat | K66: =ROUND((IF(E66="Transactional",5,IF(E66="Commercial",4,IF(E66="Comparison",3,IF(E66="Informational",2,3))))*LOG10(IF(ISNUMBER(L66),L66,IFERROR(VALUE(LEFT(F66,FIND("-",F66)-1)),100))+1))/IF(IF(ISBLANK(M66),G66,M66)="High",5,IF(IF(ISBLANK(M66),G66,M66)="Medium",3,1)),2) -> 9.91 | O66: Not Started | P66: بازدید بالا — کاربر دارای درد فوری
A67: 498 | B67: 4 | C67: AR | D67: علاج نوبات الهلع في مسقط | E67: Commercial | F67: 250-600 | G67: Low | H67: Symptom | I67: Mental | J67: /ar/articles/panic-attack-treatment | K67: =ROUND((IF(E67="Transactional",5,IF(E67="Commercial",4,IF(E67="Comparison",3,IF(E67="Informational",2,3))))*LOG10(IF(ISNUMBER(L67),L67,IFERROR(VALUE(LEFT(F67,FIND("-",F67)-1)),100))+1))/IF(IF(ISBLANK(M67),G67,M67)="High",5,IF(IF(ISBLANK(M67),G67,M67)="Medium",3,1)),2) -> 9.6 | O67: Not Started
A68: 499 | B68: 4 | C68: EN | D68: ADHD treatment Muscat | E68: Commercial | F68: 300-700 | G68: Low | H68: Symptom | I68: Mental | J68: /en/articles/adhd-treatment-muscat | K68: =ROUND((IF(E68="Transactional",5,IF(E68="Commercial",4,IF(E68="Comparison",3,IF(E68="Informational",2,3))))*LOG10(IF(ISNUMBER(L68),L68,IFERROR(VALUE(LEFT(F68,FIND("-",F68)-1)),100))+1))/IF(IF(ISBLANK(M68),G68,M68)="High",5,IF(IF(ISBLANK(M68),G68,M68)="Medium",3,1)),2) -> 9.91 | O68: Not Started | P68: بازدید بالا — کاربر دارای درد فوری
A69: 500 | B69: 4 | C69: AR | D69: علاج فرط الحركة في مسقط | E69: Commercial | F69: 250-600 | G69: Low | H69: Symptom | I69: Mental | J69: /ar/articles/adhd-treatment | K69: =ROUND((IF(E69="Transactional",5,IF(E69="Commercial",4,IF(E69="Comparison",3,IF(E69="Informational",2,3))))*LOG10(IF(ISNUMBER(L69),L69,IFERROR(VALUE(LEFT(F69,FIND("-",F69)-1)),100))+1))/IF(IF(ISBLANK(M69),G69,M69)="High",5,IF(IF(ISBLANK(M69),G69,M69)="Medium",3,1)),2) -> 9.6 | O69: Not Started
A70: 501 | B70: 4 | C70: EN | D70: infertility treatment Muscat | E70: Commercial | F70: 300-700 | G70: Low | H70: Symptom | I70: Women | J70: /en/articles/infertility-treatment-muscat | K70: =ROUND((IF(E70="Transactional",5,IF(E70="Commercial",4,IF(E70="Comparison",3,IF(E70="Informational",2,3))))*LOG10(IF(ISNUMBER(L70),L70,IFERROR(VALUE(LEFT(F70,FIND("-",F70)-1)),100))+1))/IF(IF(ISBLANK(M70),G70,M70)="High",5,IF(IF(ISBLANK(M70),G70,M70)="Medium",3,1)),2) -> 9.91 | O70: Not Started | P70: بازدید بالا — کاربر دارای درد فوری
A71: 502 | B71: 4 | C71: AR | D71: علاج العقم في مسقط | E71: Commercial | F71: 250-600 | G71: Low | H71: Symptom | I71: Women | J71: /ar/articles/infertility-treatment | K71: =ROUND((IF(E71="Transactional",5,IF(E71="Commercial",4,IF(E71="Comparison",3,IF(E71="Informational",2,3))))*LOG10(IF(ISNUMBER(L71),L71,IFERROR(VALUE(LEFT(F71,FIND("-",F71)-1)),100))+1))/IF(IF(ISBLANK(M71),G71,M71)="High",5,IF(IF(ISBLANK(M71),G71,M71)="Medium",3,1)),2) -> 9.6 | O71: Not Started
A72: 503 | B72: 4 | C72: EN | D72: pcos treatment Muscat | E72: Commercial | F72: 300-700 | G72: Low | H72: Symptom | I72: Women | J72: /en/articles/pcos-treatment-muscat | K72: =ROUND((IF(E72="Transactional",5,IF(E72="Commercial",4,IF(E72="Comparison",3,IF(E72="Informational",2,3))))*LOG10(IF(ISNUMBER(L72),L72,IFERROR(VALUE(LEFT(F72,FIND("-",F72)-1)),100))+1))/IF(IF(ISBLANK(M72),G72,M72)="High",5,IF(IF(ISBLANK(M72),G72,M72)="Medium",3,1)),2) -> 9.91 | O72: Not Started | P72: بازدید بالا — کاربر دارای درد فوری
A73: 504 | B73: 4 | C73: AR | D73: علاج تكيس المبايض في مسقط | E73: Commercial | F73: 250-600 | G73: Low | H73: Symptom | I73: Women | J73: /ar/articles/pcos-treatment | K73: =ROUND((IF(E73="Transactional",5,IF(E73="Commercial",4,IF(E73="Comparison",3,IF(E73="Informational",2,3))))*LOG10(IF(ISNUMBER(L73),L73,IFERROR(VALUE(LEFT(F73,FIND("-",F73)-1)),100))+1))/IF(IF(ISBLANK(M73),G73,M73)="High",5,IF(IF(ISBLANK(M73),G73,M73)="Medium",3,1)),2) -> 9.6 | O73: Not Started
A74: 505 | B74: 4 | C74: EN | D74: menstrual problems Muscat | E74: Informational | F74: 300-700 | G74: Low | H74: Symptom | I74: Women | J74: /en/articles/menstrual-problems-muscat | K74: =ROUND((IF(E74="Transactional",5,IF(E74="Commercial",4,IF(E74="Comparison",3,IF(E74="Informational",2,3))))*LOG10(IF(ISNUMBER(L74),L74,IFERROR(VALUE(LEFT(F74,FIND("-",F74)-1)),100))+1))/IF(IF(ISBLANK(M74),G74,M74)="High",5,IF(IF(ISBLANK(M74),G74,M74)="Medium",3,1)),2) -> 4.96 | O74: Not Started | P74: بازدید بالا — کاربر دارای درد فوری
A75: 506 | B75: 4 | C75: AR | D75: مشاكل الدورة في مسقط | E75: Informational | F75: 250-600 | G75: Low | H75: Symptom | I75: Women | J75: /ar/articles/menstrual-problems | K75: =ROUND((IF(E75="Transactional",5,IF(E75="Commercial",4,IF(E75="Comparison",3,IF(E75="Informational",2,3))))*LOG10(IF(ISNUMBER(L75),L75,IFERROR(VALUE(LEFT(F75,FIND("-",F75)-1)),100))+1))/IF(IF(ISBLANK(M75),G75,M75)="High",5,IF(IF(ISBLANK(M75),G75,M75)="Medium",3,1)),2) -> 4.8 | O75: Not Started
A76: 507 | B76: 4 | C76: EN | D76: menopause symptoms Muscat | E76: Informational | F76: 150-400 | G76: Low | H76: Symptom | I76: Women | J76: /en/articles/menopause-symptoms-muscat | K76: =ROUND((IF(E76="Transactional",5,IF(E76="Commercial",4,IF(E76="Comparison",3,IF(E76="Informational",2,3))))*LOG10(IF(ISNUMBER(L76),L76,IFERROR(VALUE(LEFT(F76,FIND("-",F76)-1)),100))+1))/IF(IF(ISBLANK(M76),G76,M76)="High",5,IF(IF(ISBLANK(M76),G76,M76)="Medium",3,1)),2) -> 4.36 | O76: Not Started | P76: بازدید بالا — کاربر دارای درد فوری
A77: 508 | B77: 4 | C77: AR | D77: أعراض سن اليأس في مسقط | E77: Informational | F77: 130-350 | G77: Low | H77: Symptom | I77: Women | J77: /ar/articles/menopause-symptoms | K77: =ROUND((IF(E77="Transactional",5,IF(E77="Commercial",4,IF(E77="Comparison",3,IF(E77="Informational",2,3))))*LOG10(IF(ISNUMBER(L77),L77,IFERROR(VALUE(LEFT(F77,FIND("-",F77)-1)),100))+1))/IF(IF(ISBLANK(M77),G77,M77)="High",5,IF(IF(ISBLANK(M77),G77,M77)="Medium",3,1)),2) -> 4.23 | O77: Not Started
A78: 509 | B78: 4 | C78: EN | D78: constipation treatment Muscat | E78: Commercial | F78: 300-700 | G78: Low | H78: Symptom | I78: Gastro | J78: /en/articles/constipation-treatment-muscat | K78: =ROUND((IF(E78="Transactional",5,IF(E78="Commercial",4,IF(E78="Comparison",3,IF(E78="Informational",2,3))))*LOG10(IF(ISNUMBER(L78),L78,IFERROR(VALUE(LEFT(F78,FIND("-",F78)-1)),100))+1))/IF(IF(ISBLANK(M78),G78,M78)="High",5,IF(IF(ISBLANK(M78),G78,M78)="Medium",3,1)),2) -> 9.91 | O78: Not Started | P78: بازدید بالا — کاربر دارای درد فوری
A79: 510 | B79: 4 | C79: AR | D79: علاج الإمساك في مسقط | E79: Commercial | F79: 250-600 | G79: Low | H79: Symptom | I79: Gastro | J79: /ar/articles/constipation-treatment | K79: =ROUND((IF(E79="Transactional",5,IF(E79="Commercial",4,IF(E79="Comparison",3,IF(E79="Informational",2,3))))*LOG10(IF(ISNUMBER(L79),L79,IFERROR(VALUE(LEFT(F79,FIND("-",F79)-1)),100))+1))/IF(IF(ISBLANK(M79),G79,M79)="High",5,IF(IF(ISBLANK(M79),G79,M79)="Medium",3,1)),2) -> 9.6 | O79: Not Started
A80: 511 | B80: 4 | C80: EN | D80: ibs treatment Muscat | E80: Commercial | F80: 300-700 | G80: Low | H80: Symptom | I80: Gastro | J80: /en/articles/ibs-treatment-muscat | K80: =ROUND((IF(E80="Transactional",5,IF(E80="Commercial",4,IF(E80="Comparison",3,IF(E80="Informational",2,3))))*LOG10(IF(ISNUMBER(L80),L80,IFERROR(VALUE(LEFT(F80,FIND("-",F80)-1)),100))+1))/IF(IF(ISBLANK(M80),G80,M80)="High",5,IF(IF(ISBLANK(M80),G80,M80)="Medium",3,1)),2) -> 9.91 | O80: Not Started | P80: بازدید بالا — کاربر دارای درد فوری
A81: 512 | B81: 4 | C81: AR | D81: علاج القولون العصبي في مسقط | E81: Commercial | F81: 250-600 | G81: Low | H81: Symptom | I81: Gastro | J81: /ar/articles/ibs-treatment | K81: =ROUND((IF(E81="Transactional",5,IF(E81="Commercial",4,IF(E81="Comparison",3,IF(E81="Informational",2,3))))*LOG10(IF(ISNUMBER(L81),L81,IFERROR(VALUE(LEFT(F81,FIND("-",F81)-1)),100))+1))/IF(IF(ISBLANK(M81),G81,M81)="High",5,IF(IF(ISBLANK(M81),G81,M81)="Medium",3,1)),2) -> 9.6 | O81: Not Started
A82: 513 | B82: 4 | C82: EN | D82: acid reflux treatment Muscat | E82: Commercial | F82: 300-700 | G82: Low | H82: Symptom | I82: Gastro | J82: /en/articles/acid-reflux-treatment-muscat | K82: =ROUND((IF(E82="Transactional",5,IF(E82="Commercial",4,IF(E82="Comparison",3,IF(E82="Informational",2,3))))*LOG10(IF(ISNUMBER(L82),L82,IFERROR(VALUE(LEFT(F82,FIND("-",F82)-1)),100))+1))/IF(IF(ISBLANK(M82),G82,M82)="High",5,IF(IF(ISBLANK(M82),G82,M82)="Medium",3,1)),2) -> 9.91 | O82: Not Started | P82: بازدید بالا — کاربر دارای درد فوری
A83: 514 | B83: 4 | C83: AR | D83: علاج ارتجاع المريء في مسقط | E83: Commercial | F83: 250-600 | G83: Low | H83: Symptom | I83: Gastro | J83: /ar/articles/acid-reflux-treatment | K83: =ROUND((IF(E83="Transactional",5,IF(E83="Commercial",4,IF(E83="Comparison",3,IF(E83="Informational",2,3))))*LOG10(IF(ISNUMBER(L83),L83,IFERROR(VALUE(LEFT(F83,FIND("-",F83)-1)),100))+1))/IF(IF(ISBLANK(M83),G83,M83)="High",5,IF(IF(ISBLANK(M83),G83,M83)="Medium",3,1)),2) -> 9.6 | O83: Not Started
A84: 515 | B84: 4 | C84: EN | D84: urinary infection treatment Muscat | E84: Commercial | F84: 300-700 | G84: Low | H84: Symptom | I84: Urology | J84: /en/articles/urinary-infection-treatment-muscat | K84: =ROUND((IF(E84="Transactional",5,IF(E84="Commercial",4,IF(E84="Comparison",3,IF(E84="Informational",2,3))))*LOG10(IF(ISNUMBER(L84),L84,IFERROR(VALUE(LEFT(F84,FIND("-",F84)-1)),100))+1))/IF(IF(ISBLANK(M84),G84,M84)="High",5,IF(IF(ISBLANK(M84),G84,M84)="Medium",3,1)),2) -> 9.91 | O84: Not Started | P84: بازدید بالا — کاربر دارای درد فوری
A85: 516 | B85: 4 | C85: AR | D85: علاج التهاب المسالك في مسقط | E85: Commercial | F85: 250-600 | G85: Low | H85: Symptom | I85: Urology | J85: /ar/articles/urinary-infection-treatment | K85: =ROUND((IF(E85="Transactional",5,IF(E85="Commercial",4,IF(E85="Comparison",3,IF(E85="Informational",2,3))))*LOG10(IF(ISNUMBER(L85),L85,IFERROR(VALUE(LEFT(F85,FIND("-",F85)-1)),100))+1))/IF(IF(ISBLANK(M85),G85,M85)="High",5,IF(IF(ISBLANK(M85),G85,M85)="Medium",3,1)),2) -> 9.6 | O85: Not Started
A86: 517 | B86: 4 | C86: EN | D86: kidney stones treatment Muscat | E86: Commercial | F86: 300-700 | G86: Low | H86: Symptom | I86: Urology | J86: /en/articles/kidney-stones-treatment-muscat | K86: =ROUND((IF(E86="Transactional",5,IF(E86="Commercial",4,IF(E86="Comparison",3,IF(E86="Informational",2,3))))*LOG10(IF(ISNUMBER(L86),L86,IFERROR(VALUE(LEFT(F86,FIND("-",F86)-1)),100))+1))/IF(IF(ISBLANK(M86),G86,M86)="High",5,IF(IF(ISBLANK(M86),G86,M86)="Medium",3,1)),2) -> 9.91 | O86: Not Started | P86: بازدید بالا — کاربر دارای درد فوری
A87: 518 | B87: 4 | C87: AR | D87: علاج حصى الكلى في مسقط | E87: Commercial | F87: 250-600 | G87: Low | H87: Symptom | I87: Urology | J87: /ar/articles/kidney-stones-treatment | K87: =ROUND((IF(E87="Transactional",5,IF(E87="Commercial",4,IF(E87="Comparison",3,IF(E87="Informational",2,3))))*LOG10(IF(ISNUMBER(L87),L87,IFERROR(VALUE(LEFT(F87,FIND("-",F87)-1)),100))+1))/IF(IF(ISBLANK(M87),G87,M87)="High",5,IF(IF(ISBLANK(M87),G87,M87)="Medium",3,1)),2) -> 9.6 | O87: Not Started
A88: 519 | B88: 4 | C88: EN | D88: erectile dysfunction treatment Muscat | E88: Commercial | F88: 300-700 | G88: Low | H88: Symptom | I88: Urology | J88: /en/articles/erectile-dysfunction-treatment-muscat | K88: =ROUND((IF(E88="Transactional",5,IF(E88="Commercial",4,IF(E88="Comparison",3,IF(E88="Informational",2,3))))*LOG10(IF(ISNUMBER(L88),L88,IFERROR(VALUE(LEFT(F88,FIND("-",F88)-1)),100))+1))/IF(IF(ISBLANK(M88),G88,M88)="High",5,IF(IF(ISBLANK(M88),G88,M88)="Medium",3,1)),2) -> 9.91 | O88: Not Started | P88: بازدید بالا — کاربر دارای درد فوری
A89: 520 | B89: 4 | C89: AR | D89: علاج ضعف الانتصاب في مسقط | E89: Commercial | F89: 250-600 | G89: Low | H89: Symptom | I89: Urology | J89: /ar/articles/erectile-dysfunction-treatment | K89: =ROUND((IF(E89="Transactional",5,IF(E89="Commercial",4,IF(E89="Comparison",3,IF(E89="Informational",2,3))))*LOG10(IF(ISNUMBER(L89),L89,IFERROR(VALUE(LEFT(F89,FIND("-",F89)-1)),100))+1))/IF(IF(ISBLANK(M89),G89,M89)="High",5,IF(IF(ISBLANK(M89),G89,M89)="Medium",3,1)),2) -> 9.6 | O89: Not Started
A90: 521 | B90: 4 | C90: EN | D90: asthma treatment Muscat | E90: Commercial | F90: 300-700 | G90: Low | H90: Symptom | I90: Pulmo | J90: /en/articles/asthma-treatment-muscat | K90: =ROUND((IF(E90="Transactional",5,IF(E90="Commercial",4,IF(E90="Comparison",3,IF(E90="Informational",2,3))))*LOG10(IF(ISNUMBER(L90),L90,IFERROR(VALUE(LEFT(F90,FIND("-",F90)-1)),100))+1))/IF(IF(ISBLANK(M90),G90,M90)="High",5,IF(IF(ISBLANK(M90),G90,M90)="Medium",3,1)),2) -> 9.91 | O90: Not Started | P90: بازدید بالا — کاربر دارای درد فوری
A91: 522 | B91: 4 | C91: AR | D91: علاج الربو في مسقط | E91: Commercial | F91: 250-600 | G91: Low | H91: Symptom | I91: Pulmo | J91: /ar/articles/asthma-treatment | K91: =ROUND((IF(E91="Transactional",5,IF(E91="Commercial",4,IF(E91="Comparison",3,IF(E91="Informational",2,3))))*LOG10(IF(ISNUMBER(L91),L91,IFERROR(VALUE(LEFT(F91,FIND("-",F91)-1)),100))+1))/IF(IF(ISBLANK(M91),G91,M91)="High",5,IF(IF(ISBLANK(M91),G91,M91)="Medium",3,1)),2) -> 9.6 | O91: Not Started
A92: 523 | B92: 4 | C92: EN | D92: allergy treatment Muscat | E92: Commercial | F92: 300-700 | G92: Low | H92: Symptom | I92: Allergy | J92: /en/articles/allergy-treatment-muscat | K92: =ROUND((IF(E92="Transactional",5,IF(E92="Commercial",4,IF(E92="Comparison",3,IF(E92="Informational",2,3))))*LOG10(IF(ISNUMBER(L92),L92,IFERROR(VALUE(LEFT(F92,FIND("-",F92)-1)),100))+1))/IF(IF(ISBLANK(M92),G92,M92)="High",5,IF(IF(ISBLANK(M92),G92,M92)="Medium",3,1)),2) -> 9.91 | O92: Not Started | P92: بازدید بالا — کاربر دارای درد فوری
A93: 524 | B93: 4 | C93: AR | D93: علاج الحساسية في مسقط | E93: Commercial | F93: 250-600 | G93: Low | H93: Symptom | I93: Allergy | J93: /ar/articles/allergy-treatment | K93: =ROUND((IF(E93="Transactional",5,IF(E93="Commercial",4,IF(E93="Comparison",3,IF(E93="Informational",2,3))))*LOG10(IF(ISNUMBER(L93),L93,IFERROR(VALUE(LEFT(F93,FIND("-",F93)-1)),100))+1))/IF(IF(ISBLANK(M93),G93,M93)="High",5,IF(IF(ISBLANK(M93),G93,M93)="Medium",3,1)),2) -> 9.6 | O93: Not Started
A94: 525 | B94: 4 | C94: EN | D94: migraine treatment Muscat | E94: Commercial | F94: 300-700 | G94: Low | H94: Symptom | I94: Neuro | J94: /en/articles/migraine-treatment-muscat | K94: =ROUND((IF(E94="Transactional",5,IF(E94="Commercial",4,IF(E94="Comparison",3,IF(E94="Informational",2,3))))*LOG10(IF(ISNUMBER(L94),L94,IFERROR(VALUE(LEFT(F94,FIND("-",F94)-1)),100))+1))/IF(IF(ISBLANK(M94),G94,M94)="High",5,IF(IF(ISBLANK(M94),G94,M94)="Medium",3,1)),2) -> 9.91 | O94: Not Started | P94: بازدید بالا — کاربر دارای درد فوری
A95: 526 | B95: 4 | C95: AR | D95: علاج الصداع النصفي في مسقط | E95: Commercial | F95: 250-600 | G95: Low | H95: Symptom | I95: Neuro | J95: /ar/articles/migraine-treatment | K95: =ROUND((IF(E95="Transactional",5,IF(E95="Commercial",4,IF(E95="Comparison",3,IF(E95="Informational",2,3))))*LOG10(IF(ISNUMBER(L95),L95,IFERROR(VALUE(LEFT(F95,FIND("-",F95)-1)),100))+1))/IF(IF(ISBLANK(M95),G95,M95)="High",5,IF(IF(ISBLANK(M95),G95,M95)="Medium",3,1)),2) -> 9.6 | O95: Not Started
A96: 527 | B96: 4 | C96: EN | D96: vertigo treatment Muscat | E96: Commercial | F96: 150-400 | G96: Low | H96: Symptom | I96: Neuro | J96: /en/articles/vertigo-treatment-muscat | K96: =ROUND((IF(E96="Transactional",5,IF(E96="Commercial",4,IF(E96="Comparison",3,IF(E96="Informational",2,3))))*LOG10(IF(ISNUMBER(L96),L96,IFERROR(VALUE(LEFT(F96,FIND("-",F96)-1)),100))+1))/IF(IF(ISBLANK(M96),G96,M96)="High",5,IF(IF(ISBLANK(M96),G96,M96)="Medium",3,1)),2) -> 8.72 | O96: Not Started | P96: بازدید بالا — کاربر دارای درد فوری
A97: 528 | B97: 4 | C97: AR | D97: علاج الدوخة في مسقط | E97: Commercial | F97: 130-350 | G97: Low | H97: Symptom | I97: Neuro | J97: /ar/articles/vertigo-treatment | K97: =ROUND((IF(E97="Transactional",5,IF(E97="Commercial",4,IF(E97="Comparison",3,IF(E97="Informational",2,3))))*LOG10(IF(ISNUMBER(L97),L97,IFERROR(VALUE(LEFT(F97,FIND("-",F97)-1)),100))+1))/IF(IF(ISBLANK(M97),G97,M97)="High",5,IF(IF(ISBLANK(M97),G97,M97)="Medium",3,1)),2) -> 8.47 | O97: Not Started

Sheet ۰۸_Tier5_Drugs
A1: # | B1: Tier | C1: Lang | D1: Keyword | E1: Intent | F1: Est. Volume | G1: Est. Comp. | H1: Pattern | I1: Cluster | J1: Target URL | K1: Priority | L1: Actual Vol. | M1: Actual Diff. | N1: Current Rank | O1: Status | P1: Notes
A2: 529 | B2: 5 | C2: EN | D2: Panadol Muscat | E2: Transactional | F2: 500-1500 | G2: Low | H2: Drug | I2: OTC Pain | J2: /en/pharmacy/panadol | K2: =ROUND((IF(E2="Transactional",5,IF(E2="Commercial",4,IF(E2="Comparison",3,IF(E2="Informational",2,3))))*LOG10(IF(ISNUMBER(L2),L2,IFERROR(VALUE(LEFT(F2,FIND("-",F2)-1)),100))+1))/IF(IF(ISBLANK(M2),G2,M2)="High",5,IF(IF(ISBLANK(M2),G2,M2)="Medium",3,1)),2) -> 13.5 | O2: Not Started | P2: خرید مستقیم — high conversion
A3: 530 | B3: 5 | C3: AR | D3: بنادول مسقط | E3: Transactional | F3: 400-1200 | G3: Low | H3: Drug | I3: OTC Pain | J3: /ar/pharmacy/panadol | K3: =ROUND((IF(E3="Transactional",5,IF(E3="Commercial",4,IF(E3="Comparison",3,IF(E3="Informational",2,3))))*LOG10(IF(ISNUMBER(L3),L3,IFERROR(VALUE(LEFT(F3,FIND("-",F3)-1)),100))+1))/IF(IF(ISBLANK(M3),G3,M3)="High",5,IF(IF(ISBLANK(M3),G3,M3)="Medium",3,1)),2) -> 13.02 | O3: Not Started
A4: 531 | B4: 5 | C4: EN | D4: paracetamol Muscat | E4: Transactional | F4: 500-1500 | G4: Low | H4: Drug | I4: OTC Pain | J4: /en/pharmacy/paracetamol | K4: =ROUND((IF(E4="Transactional",5,IF(E4="Commercial",4,IF(E4="Comparison",3,IF(E4="Informational",2,3))))*LOG10(IF(ISNUMBER(L4),L4,IFERROR(VALUE(LEFT(F4,FIND("-",F4)-1)),100))+1))/IF(IF(ISBLANK(M4),G4,M4)="High",5,IF(IF(ISBLANK(M4),G4,M4)="Medium",3,1)),2) -> 13.5 | O4: Not Started | P4: خرید مستقیم — high conversion
A5: 532 | B5: 5 | C5: AR | D5: باراسيتامول مسقط | E5: Transactional | F5: 400-1200 | G5: Low | H5: Drug | I5: OTC Pain | J5: /ar/pharmacy/paracetamol | K5: =ROUND((IF(E5="Transactional",5,IF(E5="Commercial",4,IF(E5="Comparison",3,IF(E5="Informational",2,3))))*LOG10(IF(ISNUMBER(L5),L5,IFERROR(VALUE(LEFT(F5,FIND("-",F5)-1)),100))+1))/IF(IF(ISBLANK(M5),G5,M5)="High",5,IF(IF(ISBLANK(M5),G5,M5)="Medium",3,1)),2) -> 13.02 | O5: Not Started
A6: 533 | B6: 5 | C6: EN | D6: ibuprofen Muscat | E6: Transactional | F6: 200-500 | G6: Low | H6: Drug | I6: OTC Pain | J6: /en/pharmacy/ibuprofen | K6: =ROUND((IF(E6="Transactional",5,IF(E6="Commercial",4,IF(E6="Comparison",3,IF(E6="Informational",2,3))))*LOG10(IF(ISNUMBER(L6),L6,IFERROR(VALUE(LEFT(F6,FIND("-",F6)-1)),100))+1))/IF(IF(ISBLANK(M6),G6,M6)="High",5,IF(IF(ISBLANK(M6),G6,M6)="Medium",3,1)),2) -> 11.52 | O6: Not Started | P6: خرید مستقیم — high conversion
A7: 534 | B7: 5 | C7: AR | D7: إيبوبروفين مسقط | E7: Transactional | F7: 200-500 | G7: Low | H7: Drug | I7: OTC Pain | J7: /ar/pharmacy/ibuprofen | K7: =ROUND((IF(E7="Transactional",5,IF(E7="Commercial",4,IF(E7="Comparison",3,IF(E7="Informational",2,3))))*LOG10(IF(ISNUMBER(L7),L7,IFERROR(VALUE(LEFT(F7,FIND("-",F7)-1)),100))+1))/IF(IF(ISBLANK(M7),G7,M7)="High",5,IF(IF(ISBLANK(M7),G7,M7)="Medium",3,1)),2) -> 11.52 | O7: Not Started
A8: 535 | B8: 5 | C8: EN | D8: Voltaren Muscat | E8: Transactional | F8: 200-500 | G8: Low | H8: Drug | I8: OTC Pain | J8: /en/pharmacy/voltaren | K8: =ROUND((IF(E8="Transactional",5,IF(E8="Commercial",4,IF(E8="Comparison",3,IF(E8="Informational",2,3))))*LOG10(IF(ISNUMBER(L8),L8,IFERROR(VALUE(LEFT(F8,FIND("-",F8)-1)),100))+1))/IF(IF(ISBLANK(M8),G8,M8)="High",5,IF(IF(ISBLANK(M8),G8,M8)="Medium",3,1)),2) -> 11.52 | O8: Not Started | P8: خرید مستقیم — high conversion
A9: 536 | B9: 5 | C9: AR | D9: فولتارين مسقط | E9: Transactional | F9: 200-500 | G9: Low | H9: Drug | I9: OTC Pain | J9: /ar/pharmacy/voltaren | K9: =ROUND((IF(E9="Transactional",5,IF(E9="Commercial",4,IF(E9="Comparison",3,IF(E9="Informational",2,3))))*LOG10(IF(ISNUMBER(L9),L9,IFERROR(VALUE(LEFT(F9,FIND("-",F9)-1)),100))+1))/IF(IF(ISBLANK(M9),G9,M9)="High",5,IF(IF(ISBLANK(M9),G9,M9)="Medium",3,1)),2) -> 11.52 | O9: Not Started
A10: 537 | B10: 5 | C10: EN | D10: aspirin Muscat | E10: Transactional | F10: 200-500 | G10: Low | H10: Drug | I10: OTC Pain | J10: /en/pharmacy/aspirin | K10: =ROUND((IF(E10="Transactional",5,IF(E10="Commercial",4,IF(E10="Comparison",3,IF(E10="Informational",2,3))))*LOG10(IF(ISNUMBER(L10),L10,IFERROR(VALUE(LEFT(F10,FIND("-",F10)-1)),100))+1))/IF(IF(ISBLANK(M10),G10,M10)="High",5,IF(IF(ISBLANK(M10),G10,M10)="Medium",3,1)),2) -> 11.52 | O10: Not Started | P10: خرید مستقیم — high conversion
A11: 538 | B11: 5 | C11: AR | D11: أسبرين مسقط | E11: Transactional | F11: 200-500 | G11: Low | H11: Drug | I11: OTC Pain | J11: /ar/pharmacy/aspirin | K11: =ROUND((IF(E11="Transactional",5,IF(E11="Commercial",4,IF(E11="Comparison",3,IF(E11="Informational",2,3))))*LOG10(IF(ISNUMBER(L11),L11,IFERROR(VALUE(LEFT(F11,FIND("-",F11)-1)),100))+1))/IF(IF(ISBLANK(M11),G11,M11)="High",5,IF(IF(ISBLANK(M11),G11,M11)="Medium",3,1)),2) -> 11.52 | O11: Not Started
A12: 539 | B12: 5 | C12: EN | D12: vitamin D Muscat | E12: Transactional | F12: 500-1500 | G12: Low | H12: Drug | I12: Vitamins | J12: /en/pharmacy/vitamin-d | K12: =ROUND((IF(E12="Transactional",5,IF(E12="Commercial",4,IF(E12="Comparison",3,IF(E12="Informational",2,3))))*LOG10(IF(ISNUMBER(L12),L12,IFERROR(VALUE(LEFT(F12,FIND("-",F12)-1)),100))+1))/IF(IF(ISBLANK(M12),G12,M12)="High",5,IF(IF(ISBLANK(M12),G12,M12)="Medium",3,1)),2) -> 13.5 | O12: Not Started | P12: خرید مستقیم — high conversion
A13: 540 | B13: 5 | C13: AR | D13: فيتامين د مسقط | E13: Transactional | F13: 400-1200 | G13: Low | H13: Drug | I13: Vitamins | J13: /ar/pharmacy/vitamin-d | K13: =ROUND((IF(E13="Transactional",5,IF(E13="Commercial",4,IF(E13="Comparison",3,IF(E13="Informational",2,3))))*LOG10(IF(ISNUMBER(L13),L13,IFERROR(VALUE(LEFT(F13,FIND("-",F13)-1)),100))+1))/IF(IF(ISBLANK(M13),G13,M13)="High",5,IF(IF(ISBLANK(M13),G13,M13)="Medium",3,1)),2) -> 13.02 | O13: Not Started
A14: 541 | B14: 5 | C14: EN | D14: vitamin B12 Muscat | E14: Transactional | F14: 500-1500 | G14: Low | H14: Drug | I14: Vitamins | J14: /en/pharmacy/vitamin-b12 | K14: =ROUND((IF(E14="Transactional",5,IF(E14="Commercial",4,IF(E14="Comparison",3,IF(E14="Informational",2,3))))*LOG10(IF(ISNUMBER(L14),L14,IFERROR(VALUE(LEFT(F14,FIND("-",F14)-1)),100))+1))/IF(IF(ISBLANK(M14),G14,M14)="High",5,IF(IF(ISBLANK(M14),G14,M14)="Medium",3,1)),2) -> 13.5 | O14: Not Started | P14: خرید مستقیم — high conversion
A15: 542 | B15: 5 | C15: AR | D15: فيتامين ب١٢ مسقط | E15: Transactional | F15: 400-1200 | G15: Low | H15: Drug | I15: Vitamins | J15: /ar/pharmacy/vitamin-b12 | K15: =ROUND((IF(E15="Transactional",5,IF(E15="Commercial",4,IF(E15="Comparison",3,IF(E15="Informational",2,3))))*LOG10(IF(ISNUMBER(L15),L15,IFERROR(VALUE(LEFT(F15,FIND("-",F15)-1)),100))+1))/IF(IF(ISBLANK(M15),G15,M15)="High",5,IF(IF(ISBLANK(M15),G15,M15)="Medium",3,1)),2) -> 13.02 | O15: Not Started
A16: 543 | B16: 5 | C16: EN | D16: vitamin C Muscat | E16: Transactional | F16: 200-500 | G16: Low | H16: Drug | I16: Vitamins | J16: /en/pharmacy/vitamin-c | K16: =ROUND((IF(E16="Transactional",5,IF(E16="Commercial",4,IF(E16="Comparison",3,IF(E16="Informational",2,3))))*LOG10(IF(ISNUMBER(L16),L16,IFERROR(VALUE(LEFT(F16,FIND("-",F16)-1)),100))+1))/IF(IF(ISBLANK(M16),G16,M16)="High",5,IF(IF(ISBLANK(M16),G16,M16)="Medium",3,1)),2) -> 11.52 | O16: Not Started | P16: خرید مستقیم — high conversion
A17: 544 | B17: 5 | C17: AR | D17: فيتامين سي مسقط | E17: Transactional | F17: 200-500 | G17: Low | H17: Drug | I17: Vitamins | J17: /ar/pharmacy/vitamin-c | K17: =ROUND((IF(E17="Transactional",5,IF(E17="Commercial",4,IF(E17="Comparison",3,IF(E17="Informational",2,3))))*LOG10(IF(ISNUMBER(L17),L17,IFERROR(VALUE(LEFT(F17,FIND("-",F17)-1)),100))+1))/IF(IF(ISBLANK(M17),G17,M17)="High",5,IF(IF(ISBLANK(M17),G17,M17)="Medium",3,1)),2) -> 11.52 | O17: Not Started
A18: 545 | B18: 5 | C18: EN | D18: multivitamin Muscat | E18: Transactional | F18: 200-500 | G18: Low | H18: Drug | I18: Vitamins | J18: /en/pharmacy/multivitamin | K18: =ROUND((IF(E18="Transactional",5,IF(E18="Commercial",4,IF(E18="Comparison",3,IF(E18="Informational",2,3))))*LOG10(IF(ISNUMBER(L18),L18,IFERROR(VALUE(LEFT(F18,FIND("-",F18)-1)),100))+1))/IF(IF(ISBLANK(M18),G18,M18)="High",5,IF(IF(ISBLANK(M18),G18,M18)="Medium",3,1)),2) -> 11.52 | O18: Not Started | P18: خرید مستقیم — high conversion
A19: 546 | B19: 5 | C19: AR | D19: ملتي فيتامين مسقط | E19: Transactional | F19: 200-500 | G19: Low | H19: Drug | I19: Vitamins | J19: /ar/pharmacy/multivitamin | K19: =ROUND((IF(E19="Transactional",5,IF(E19="Commercial",4,IF(E19="Comparison",3,IF(E19="Informational",2,3))))*LOG10(IF(ISNUMBER(L19),L19,IFERROR(VALUE(LEFT(F19,FIND("-",F19)-1)),100))+1))/IF(IF(ISBLANK(M19),G19,M19)="High",5,IF(IF(ISBLANK(M19),G19,M19)="Medium",3,1)),2) -> 11.52 | O19: Not Started
A20: 547 | B20: 5 | C20: EN | D20: iron supplement Muscat | E20: Transactional | F20: 500-1500 | G20: Low | H20: Drug | I20: Vitamins | J20: /en/pharmacy/iron-supplement | K20: =ROUND((IF(E20="Transactional",5,IF(E20="Commercial",4,IF(E20="Comparison",3,IF(E20="Informational",2,3))))*LOG10(IF(ISNUMBER(L20),L20,IFERROR(VALUE(LEFT(F20,FIND("-",F20)-1)),100))+1))/IF(IF(ISBLANK(M20),G20,M20)="High",5,IF(IF(ISBLANK(M20),G20,M20)="Medium",3,1)),2) -> 13.5 | O20: Not Started | P20: خرید مستقیم — high conversion
A21: 548 | B21: 5 | C21: AR | D21: حبوب الحديد مسقط | E21: Transactional | F21: 400-1200 | G21: Low | H21: Drug | I21: Vitamins | J21: /ar/pharmacy/iron-supplement | K21: =ROUND((IF(E21="Transactional",5,IF(E21="Commercial",4,IF(E21="Comparison",3,IF(E21="Informational",2,3))))*LOG10(IF(ISNUMBER(L21),L21,IFERROR(VALUE(LEFT(F21,FIND("-",F21)-1)),100))+1))/IF(IF(ISBLANK(M21),G21,M21)="High",5,IF(IF(ISBLANK(M21),G21,M21)="Medium",3,1)),2) -> 13.02 | O21: Not Started
A22: 549 | B22: 5 | C22: EN | D22: calcium supplement Muscat | E22: Transactional | F22: 200-500 | G22: Low | H22: Drug | I22: Vitamins | J22: /en/pharmacy/calcium-supplement | K22: =ROUND((IF(E22="Transactional",5,IF(E22="Commercial",4,IF(E22="Comparison",3,IF(E22="Informational",2,3))))*LOG10(IF(ISNUMBER(L22),L22,IFERROR(VALUE(LEFT(F22,FIND("-",F22)-1)),100))+1))/IF(IF(ISBLANK(M22),G22,M22)="High",5,IF(IF(ISBLANK(M22),G22,M22)="Medium",3,1)),2) -> 11.52 | O22: Not Started | P22: خرید مستقیم — high conversion
A23: 550 | B23: 5 | C23: AR | D23: كالسيوم مسقط | E23: Transactional | F23: 200-500 | G23: Low | H23: Drug | I23: Vitamins | J23: /ar/pharmacy/calcium-supplement | K23: =ROUND((IF(E23="Transactional",5,IF(E23="Commercial",4,IF(E23="Comparison",3,IF(E23="Informational",2,3))))*LOG10(IF(ISNUMBER(L23),L23,IFERROR(VALUE(LEFT(F23,FIND("-",F23)-1)),100))+1))/IF(IF(ISBLANK(M23),G23,M23)="High",5,IF(IF(ISBLANK(M23),G23,M23)="Medium",3,1)),2) -> 11.52 | O23: Not Started
A24: 551 | B24: 5 | C24: EN | D24: omega 3 Muscat | E24: Transactional | F24: 200-500 | G24: Low | H24: Drug | I24: Supplements | J24: /en/pharmacy/omega-3 | K24: =ROUND((IF(E24="Transactional",5,IF(E24="Commercial",4,IF(E24="Comparison",3,IF(E24="Informational",2,3))))*LOG10(IF(ISNUMBER(L24),L24,IFERROR(VALUE(LEFT(F24,FIND("-",F24)-1)),100))+1))/IF(IF(ISBLANK(M24),G24,M24)="High",5,IF(IF(ISBLANK(M24),G24,M24)="Medium",3,1)),2) -> 11.52 | O24: Not Started | P24: خرید مستقیم — high conversion
A25: 552 | B25: 5 | C25: AR | D25: أوميغا ٣ مسقط | E25: Transactional | F25: 200-500 | G25: Low | H25: Drug | I25: Supplements | J25: /ar/pharmacy/omega-3 | K25: =ROUND((IF(E25="Transactional",5,IF(E25="Commercial",4,IF(E25="Comparison",3,IF(E25="Informational",2,3))))*LOG10(IF(ISNUMBER(L25),L25,IFERROR(VALUE(LEFT(F25,FIND("-",F25)-1)),100))+1))/IF(IF(ISBLANK(M25),G25,M25)="High",5,IF(IF(ISBLANK(M25),G25,M25)="Medium",3,1)),2) -> 11.52 | O25: Not Started
A26: 553 | B26: 5 | C26: EN | D26: biotin Muscat | E26: Transactional | F26: 200-500 | G26: Low | H26: Drug | I26: Supplements | J26: /en/pharmacy/biotin | K26: =ROUND((IF(E26="Transactional",5,IF(E26="Commercial",4,IF(E26="Comparison",3,IF(E26="Informational",2,3))))*LOG10(IF(ISNUMBER(L26),L26,IFERROR(VALUE(LEFT(F26,FIND("-",F26)-1)),100))+1))/IF(IF(ISBLANK(M26),G26,M26)="High",5,IF(IF(ISBLANK(M26),G26,M26)="Medium",3,1)),2) -> 11.52 | O26: Not Started | P26: خرید مستقیم — high conversion
A27: 554 | B27: 5 | C27: AR | D27: بيوتين مسقط | E27: Transactional | F27: 200-500 | G27: Low | H27: Drug | I27: Supplements | J27: /ar/pharmacy/biotin | K27: =ROUND((IF(E27="Transactional",5,IF(E27="Commercial",4,IF(E27="Comparison",3,IF(E27="Informational",2,3))))*LOG10(IF(ISNUMBER(L27),L27,IFERROR(VALUE(LEFT(F27,FIND("-",F27)-1)),100))+1))/IF(IF(ISBLANK(M27),G27,M27)="High",5,IF(IF(ISBLANK(M27),G27,M27)="Medium",3,1)),2) -> 11.52 | O27: Not Started
A28: 555 | B28: 5 | C28: EN | D28: zinc Muscat | E28: Transactional | F28: 100-300 | G28: Low | H28: Drug | I28: Supplements | J28: /en/pharmacy/zinc | K28: =ROUND((IF(E28="Transactional",5,IF(E28="Commercial",4,IF(E28="Comparison",3,IF(E28="Informational",2,3))))*LOG10(IF(ISNUMBER(L28),L28,IFERROR(VALUE(LEFT(F28,FIND("-",F28)-1)),100))+1))/IF(IF(ISBLANK(M28),G28,M28)="High",5,IF(IF(ISBLANK(M28),G28,M28)="Medium",3,1)),2) -> 10.02 | O28: Not Started | P28: خرید مستقیم — high conversion
A29: 556 | B29: 5 | C29: AR | D29: زنك مسقط | E29: Transactional | F29: 100-300 | G29: Low | H29: Drug | I29: Supplements | J29: /ar/pharmacy/zinc | K29: =ROUND((IF(E29="Transactional",5,IF(E29="Commercial",4,IF(E29="Comparison",3,IF(E29="Informational",2,3))))*LOG10(IF(ISNUMBER(L29),L29,IFERROR(VALUE(LEFT(F29,FIND("-",F29)-1)),100))+1))/IF(IF(ISBLANK(M29),G29,M29)="High",5,IF(IF(ISBLANK(M29),G29,M29)="Medium",3,1)),2) -> 10.02 | O29: Not Started
A30: 557 | B30: 5 | C30: EN | D30: magnesium Muscat | E30: Transactional | F30: 100-300 | G30: Low | H30: Drug | I30: Supplements | J30: /en/pharmacy/magnesium | K30: =ROUND((IF(E30="Transactional",5,IF(E30="Commercial",4,IF(E30="Comparison",3,IF(E30="Informational",2,3))))*LOG10(IF(ISNUMBER(L30),L30,IFERROR(VALUE(LEFT(F30,FIND("-",F30)-1)),100))+1))/IF(IF(ISBLANK(M30),G30,M30)="High",5,IF(IF(ISBLANK(M30),G30,M30)="Medium",3,1)),2) -> 10.02 | O30: Not Started | P30: خرید مستقیم — high conversion
